file_path,func_name,has_CWE,cwe_id,analyzer_message,analyzer_type,line_range
cJSON.c,cast_away_const,False,,"The function simply casts a const void* to void*, which is a valid operation in C. No security vulnerability is present.",LLM_ANALYSIS,2073-2076
cJSON.c,update_offset,True,CWE-125,"[CWE-125] The function reads a string from the buffer using strlen() without ensuring that the buffer is null-terminated within its bounds. This can lead to an out-of-bounds read if the buffer is not properly terminated, potentially causing information disclosure or a crash.",LLM_ANALYSIS,576-586
cJSON.c,minify_string,True,CWE-787,"[CWE-787] The function writes to the output buffer without any bounds checking, which can lead to a buffer overflow if the output buffer is not large enough to hold the processed input. Additionally, the logic for handling escaped quotes is flawed: when an escaped quote is encountered, it writes to (*output)[",LLM_ANALYSIS,2902-2922
cJSON.c,skip_multiline_comment,True,CWE-125,"[CWE-125] The function advances the input pointer by 2 bytes (the length of '/*') without checking if the string is at least 2 characters long. If the input string is shorter than 2 characters, this causes an out-of-bounds read.",LLM_ANALYSIS,2888-2900
cJSON.c,case_insensitive_strcmp,False,,"The function appears to be a case-insensitive string comparison. It checks for NULL pointers, handles the case where both pointers are identical, and iterates through the strings comparing characters after converting to lowercase.",LLM_ANALYSIS,133-154
cJSON.c,parse_hex4,False,,"The function parses a 4-character hexadecimal string into an unsigned int. It does not check the length of the input buffer, but the caller is expected to provide at least 4 bytes.",LLM_ANALYSIS,666-699
cJSON.c,suffix_object,True,CWE-476,"[CWE-476] The function dereferences the pointers 'prev' and 'item' without checking if they are NULL. If either pointer is NULL, this will cause a NULL pointer dereference, leading to a crash or potential security issue.",LLM_ANALYSIS,1999-2003
cJSON.c,skip_oneline_comment,False,,"The function advances the input pointer past a literal '//' and then scans for a newline, stopping at the first newline or end of string. It does not write to memory, only reads and modifies the pointer.",LLM_ANALYSIS,2875-2886
cJSON_Utils.c,compose_patch,True,CWE-787,"[CWE-787] Potential buffer overflow in sprintf when constructing full_path. The allocated buffer size is path_length + suffix_length + sizeof('/') (which is 1), but sprintf writes path, a '/', and then encode_string_as_pointer writes the encoded suffix.",LLM_ANALYSIS,1096-1134
cJSON_Utils.c,compare_strings,False,,"The function appears to be a safe string comparison utility. It checks for NULL pointers, handles the case where pointers are equal, uses strcmp for case-sensitive comparison, and for case-insensitive comparison it iterates through the strings using tolower() on each character.",LLM_ANALYSIS,83-109
cJSON_Utils.c,overwrite_item,True,CWE-416,"[CWE-416] The function frees the memory pointed to by root->string, root->valuestring, and root->child, then overwrites the root structure with the replacement via memcpy. This can lead to a use-after-free vulnerability if the replacement structure contains pointers to the same memory that was just freed (e.g",LLM_ANALYSIS,784-805
cJSON_Utils.c,pointer_encoded_length,False,,"The function iterates over a null-terminated string and counts characters, incrementing an extra count for '~' and '/'. It does not modify the input, does not access out-of-bounds memory, and does not perform any unsafe operations.",LLM_ANALYSIS,157-170
cJSON_Utils.c,encode_string_as_pointer,True,CWE-120,"[CWE-120] The function writes to the destination buffer without any bounds checking. It assumes the destination buffer is large enough to hold the encoded output, but the encoding can expand the input (e.g., '/' becomes '~1' and '~' becomes '~0'), potentially causing a buffer overflow.",LLM_ANALYSIS,173-196
cJSON_Utils.c,decode_pointer_inplace,True,CWE-787,"[CWE-787] The function writes to the decoded_string buffer without ensuring sufficient space. Specifically, when encountering the escape sequence '~1', it writes to decoded_string[1] which may be out of bounds if the input string is only one character long (e.g., '~1' followed by null terminator).",LLM_ANALYSIS,359-390
cJSON_Utils.c,sort_object,False,,"The function dereferences 'object' after a NULL check, but the NULL check is present. The function calls sort_list on object->child, which could potentially be NULL, but that is handled by sort_list.",LLM_ANALYSIS,595-602
cJSON_Utils.c,apply_patch,True,CWE-125,[CWE-125] The function does not validate the length of the 'path' string before using it in operations such as strrchr and pointer arithmetic. A maliciously crafted patch with an extremely long 'path' value could cause a buffer over-read or other memory safety issues.,LLM_ANALYSIS,807-1036
test.c,print_preallocated,True,CWE-787,"[CWE-787] The function allocates a buffer of size len_fail = strlen(out) and passes it to cJSON_PrintPreallocated with length len_fail. However, cJSON_PrintPreallocated writes the formatted JSON string including a null terminator.",LLM_ANALYSIS,43-106
fuzzing\fuzz_main.c,LLVMFuzzerTestOneInput,False,,The provided code is only a function declaration with no implementation or body to analyze. It does not contain any security vulnerabilities.,LLM_ANALYSIS,5-6
cJSON_Utils.c,create_patches,True,CWE-120,"[CWE-120] The function uses sprintf to write into a fixed-size buffer without checking the length of the path, which can lead to a buffer overflow if the path is long. Specifically, in the cJSON_Array case, new_path is allocated with strlen(path) + 20 + sizeof('/'), but the sprintf writes the path plus an '/'",LLM_ANALYSIS,1141-1279
fuzzing\afl.c,main,False,,The function reads a file into a buffer and parses it as JSON. The file content is expected to start with a 2-byte header (json[0] and json[1]) and the JSON data starts at json+2.,LLM_ANALYSIS,85-176
fuzzing\cjson_read_fuzzer.c,LLVMFuzzerTestOneInput,True,CWE-787,"[CWE-787] The function copies the entire input buffer into a newly allocated buffer of the same size, then calls cJSON_Minify on the copied data starting at offset 4. cJSON_Minify modifies the string in place and may write beyond the allocated buffer if the input is not properly null-terminated or if the minf",LLM_ANALYSIS,13-72
tests\cjson_add.c,cjson_add_null_should_add_null,False,,"The function creates a cJSON object, adds a null item, retrieves it, and deletes the object. No security vulnerability is present.",LLM_ANALYSIS,48-59
fuzzing\fuzz_main.c,main,True,CWE-131,"[CWE-131] The function does not check the return value of fseek(), which can fail and leave the file position indeterminate. More importantly, it uses ftell() to determine the file size and then allocates a buffer of that size.",LLM_ANALYSIS,9-54
test.c,create_objects,True,CWE-369,"[CWE-369] The function uses volatile double zero = 0.0; and then computes 1.0 / zero. This results in a division by zero, which is undefined behavior in C and can lead to a floating-point exception (SIGFPE) or other unexpected behavior.",LLM_ANALYSIS,109-257
tests\cjson_add.c,cjson_add_null_should_fail_with_null_pointers,False,,"The function calls cJSON_AddNullToObject with NULL arguments, which are likely handled safely by the library (returning NULL). No vulnerability detected.",LLM_ANALYSIS,61-69
tests\cjson_add.c,cjson_add_null_should_fail_on_allocation_failure,True,CWE-476,"[CWE-476] The function uses cJSON_InitHooks to set custom memory allocation hooks (failing_hooks) and then calls cJSON_AddNullToObject. If the custom hooks are designed to fail (e.g., return NULL on allocation), the function may not handle the failure properly, leading to a null pointer dereference or memory.",LLM_ANALYSIS,71-82
tests\cjson_add.c,cjson_add_true_should_fail_with_null_pointers,False,,"The function calls cJSON_AddTrueToObject with NULL arguments, but the cJSON library is designed to handle NULL inputs gracefully (returning NULL without dereferencing). The TEST_ASSERT_NULL macros are used for testing and do not introduce security vulnerabilities.",LLM_ANALYSIS,97-105
tests\cjson_add.c,cjson_add_true_should_fail_on_allocation_failure,False,,"The function uses cJSON_InitHooks to set custom memory allocation hooks (failing_hooks) that are designed to fail. It then calls cJSON_AddTrueToObject, which attempts to allocate memory for a new cJSON item.",LLM_ANALYSIS,107-118
tests\cjson_add.c,cjson_add_true_should_add_true,False,,"The function creates a cJSON object, adds a true item, retrieves it, and deletes the object. No security vulnerabilities were found.",LLM_ANALYSIS,84-95
tests\cjson_add.c,cjson_create_int_array_should_fail_on_allocation_failure,False,,The function calls cJSON_InitHooks with a custom hooks structure (failing_hooks) that likely causes memory allocation failures. It then calls cJSON_CreateIntArray and asserts that the result is NULL.,LLM_ANALYSIS,120-129
tests\cjson_add.c,cjson_create_double_array_should_fail_on_allocation_failure,False,,The function calls cJSON_InitHooks with a custom hooks structure (failing_hooks) that likely causes memory allocation failures. It then calls cJSON_CreateDoubleArray and asserts that the result is NULL.,LLM_ANALYSIS,142-151
tests\cjson_add.c,cjson_add_false_should_add_false,False,,"The function creates a cJSON object and adds a false item, then retrieves it and checks its type. No security vulnerability is present.",LLM_ANALYSIS,164-175
tests\cjson_add.c,cjson_create_float_array_should_fail_on_allocation_failure,False,,"The function calls cJSON_InitHooks with failing_hooks, which likely sets custom memory allocation functions that fail. The subsequent cJSON_CreateFloatArray is expected to return NULL, and the test asserts that.",LLM_ANALYSIS,131-140
tests\cjson_add.c,cjson_create_string_array_should_fail_on_allocation_failure,False,,The function calls cJSON_InitHooks with a custom hooks structure (failing_hooks) that likely causes memory allocation failures. It then calls cJSON_CreateStringArray and asserts that the result is NULL.,LLM_ANALYSIS,153-162
tests\cjson_add.c,cjson_add_false_should_fail_with_null_pointers,False,,"The function calls cJSON_AddFalseToObject with NULL arguments, which are expected to be handled gracefully by the library (returning NULL). The function also properly deletes the root object.",LLM_ANALYSIS,177-185
tests\cjson_add.c,cjson_add_false_should_fail_on_allocation_failure,True,CWE-476,"[CWE-476] The function uses cJSON_InitHooks to set custom memory allocation hooks (failing_hooks) and then calls cJSON_AddFalseToObject, which may allocate memory. If the custom hooks are designed to fail (e.g., return NULL), the function may not handle the allocation failure properly, leading to a null deref",LLM_ANALYSIS,187-198
tests\cjson_add.c,cjson_add_bool_should_fail_with_null_pointers,False,,"The function calls cJSON_AddBoolToObject with NULL arguments, which are expected to return NULL and are checked with TEST_ASSERT_NULL. This is a test function that validates error handling, not a vulnerability.",LLM_ANALYSIS,219-227
tests\cjson_add.c,cjson_add_number_should_fail_with_null_pointers,False,,"The function calls cJSON_AddNumberToObject with NULL arguments, but the cJSON library is designed to handle NULL inputs gracefully by returning NULL without causing a security vulnerability. The code also properly cleans up the root object with cJSON_Delete.",LLM_ANALYSIS,258-266
tests\cjson_add.c,cjson_add_number_should_add_number,False,,"The function uses cJSON_GetObjectItemCaseSensitive to retrieve an item that was just added, and the item is guaranteed to exist. The subsequent assertions are safe.",LLM_ANALYSIS,242-256
tests\cjson_add.c,cjson_add_bool_should_add_bool,False,,"The function uses cJSON_AddBoolToObject with boolean literals 'true' and 'false'. In C, 'true' and 'false' are macros from <stdbool.h> that expand to 1 and 0 respectively.",LLM_ANALYSIS,200-217
tests\cjson_add.c,cjson_add_string_should_add_string,False,,"No security vulnerability detected. The code properly creates, uses, and deletes a cJSON object.",LLM_ANALYSIS,281-293
tests\cjson_add.c,cjson_add_string_should_fail_with_null_pointers,False,,"The function calls cJSON_AddStringToObject with NULL arguments, which are expected to be handled gracefully by the cJSON library (returning NULL). The code checks for NULL return values and cleans up the root object.",LLM_ANALYSIS,295-303
tests\cjson_add.c,cjson_add_bool_should_fail_on_allocation_failure,False,,"The function uses cJSON_InitHooks to replace memory allocation functions with failing_hooks, which likely cause allocations to fail. The subsequent cJSON_AddBoolToObject call is expected to return NULL, and the test asserts that.",LLM_ANALYSIS,229-240
tests\cjson_add.c,cjson_add_number_should_fail_on_allocation_failure,False,,"The function calls cJSON_InitHooks with failing_hooks, which likely installs custom memory allocation functions that are designed to fail (e.g., return NULL). After that, cJSON_AddNumberToObject is expected to fail and return NULL, which is asserted.",LLM_ANALYSIS,268-279
tests\cjson_add.c,cjson_add_string_should_fail_on_allocation_failure,False,,"The function calls cJSON_InitHooks with failing_hooks, which likely sets custom memory allocation functions that fail. Then it calls cJSON_AddStringToObject, which may return NULL due to allocation failure.",LLM_ANALYSIS,305-316
tests\cjson_add.c,cjson_add_raw_should_add_raw,False,,"The function creates a cJSON object, adds a raw JSON string, retrieves it, and deletes the object. No security vulnerabilities were found.",LLM_ANALYSIS,318-330
tests\cjson_add.c,cjson_add_raw_should_fail_with_null_pointers,False,,"The function calls cJSON_AddRawToObject with NULL arguments, which are expected to be handled gracefully by the library (returning NULL). The code properly checks for NULL returns and cleans up the root object.",LLM_ANALYSIS,332-340
tests\cjson_add.c,cjson_add_raw_should_fail_on_allocation_failure,True,CWE-476,"[CWE-476] The function uses cJSON_InitHooks to set custom memory allocation hooks (failing_hooks) and then calls cJSON_AddRawToObject. If the custom hooks are designed to fail (e.g., return NULL on allocation), the function may not handle the failure properly, leading to a null pointer dereference or memoryle",LLM_ANALYSIS,342-353
tests\cjson_add.c,cjson_add_object_should_fail_with_null_pointers,False,,"The function calls cJSON_AddObjectToObject with NULL arguments, which are likely handled safely by the library (returning NULL). No vulnerability detected in this code snippet.",LLM_ANALYSIS,367-375
tests\cjson_add.c,cJSON_add_object_should_add_object,True,CWE-476,"[CWE-476] The function creates a cJSON object and adds a child object, but the pointer returned by cJSON_GetObjectItemCaseSensitive is not checked for NULL before being dereferenced in TEST_ASSERT_EQUAL_INT. If the lookup fails, this could lead to a NULL pointer dereference.",LLM_ANALYSIS,355-365
tests\cjson_add.c,cJSON_add_array_should_add_array,False,,"The function creates a cJSON object and adds an array to it, but the return value of cJSON_AddArrayToObject is not checked. If the allocation fails, the function may proceed with a NULL pointer, leading to a potential null pointer dereference.",LLM_ANALYSIS,390-400
tests\cjson_add.c,cjson_add_object_should_fail_on_allocation_failure,True,CWE-252,"[CWE-252] The function uses cJSON_InitHooks to set custom memory allocation hooks (failing_hooks) and then calls cJSON_AddObjectToObject, which may attempt to allocate memory. If the custom hooks are designed to fail (e.g., return NULL), the function may not handle the allocation failure properly, leading to",LLM_ANALYSIS,377-388
tests\cjson_add.c,cjson_add_array_should_fail_with_null_pointers,False,,"The function calls cJSON_AddArrayToObject with NULL arguments, but the cJSON library is designed to handle NULL inputs gracefully by returning NULL without causing a security vulnerability. The function also properly cleans up the root object with cJSON_Delete.",LLM_ANALYSIS,402-410
tests\compare_tests.c,cjson_compare_should_compare_null_pointer_as_not_equal,False,,The function calls cJSON_Compare with NULL arguments and asserts the result is false. This is a test function that checks the behavior of cJSON_Compare when both inputs are NULL.,LLM_ANALYSIS,46-50
tests\compare_tests.c,cjson_compare_should_compare_numbers,False,,The function contains only test assertions comparing strings using a helper function. No security vulnerabilities are apparent in this code snippet.,LLM_ANALYSIS,61-73
tests\cjson_add.c,cjson_add_array_should_fail_on_allocation_failure,False,,"The function uses cJSON_InitHooks to replace memory allocation functions with failing_hooks, which likely cause allocations to fail. The subsequent cJSON_AddArrayToObject is expected to return NULL, and the test asserts that.",LLM_ANALYSIS,412-423
tests\compare_tests.c,cjson_compare_should_compare_invalid_as_not_equal,False,,"The function initializes a cJSON object with memset to zero, which is a common pattern for uninitialized stack variables. However, cJSON_Compare is called with the same invalid object for both arguments.",LLM_ANALYSIS,52-59
tests\compare_tests.c,cjson_compare_should_compare_booleans,False,,The function contains only test assertions comparing string values. No security vulnerabilities were identified.,LLM_ANALYSIS,75-90
tests\compare_tests.c,cjson_compare_should_compare_strings,False,,The function appears to be a test function that compares strings using a helper function. No security vulnerabilities are evident from the provided code.,LLM_ANALYSIS,112-119
tests\compare_tests.c,cjson_compare_should_not_accept_invalid_types,True,CWE-754,"[CWE-754] The function creates a cJSON object with both cJSON_Number and cJSON_String flags set, which is an invalid state. This can lead to undefined behavior in cJSON_Compare, potentially causing memory corruption or crashes.",LLM_ANALYSIS,101-110
tests\compare_tests.c,cjson_compare_should_compare_null,False,,The function contains only test assertions comparing strings using a helper function. No security vulnerabilities are apparent.,LLM_ANALYSIS,92-99
tests\compare_tests.c,cjson_compare_should_compare_objects,False,,The function contains only test assertions with string literals and no security-relevant operations. No vulnerabilities detected.,LLM_ANALYSIS,160-190
tests\compare_tests.c,cjson_compare_should_compare_raw,True,CWE-119,"[CWE-119] The function modifies the type of parsed JSON objects to cJSON_Raw without updating the valuestring. This can lead to undefined behavior in cJSON_Compare, which may access uninitialized or invalid memory when comparing raw JSON strings.",LLM_ANALYSIS,121-139
tests\json_patch_tests.c,cjson_utils_should_pass_json_patch_test_tests,False,,"The function itself does not contain obvious security vulnerabilities. It iterates over a JSON array and calls test functions, then cleans up.",LLM_ANALYSIS,183-198
tests\json_patch_tests.c,main,False,,The function appears to be a test runner that invokes unit tests. No security vulnerabilities detected.,LLM_ANALYSIS,234-243
tests\json_patch_tests.c,cjson_utils_should_pass_json_patch_test_spec_tests,False,,"The function does not directly exhibit a security vulnerability. It parses a JSON file, iterates over its elements, and performs operations on each.",LLM_ANALYSIS,200-215
tests\json_patch_tests.c,cjson_utils_should_pass_json_patch_test_cjson_utils_tests,False,,"The function does not contain obvious security vulnerabilities. It parses a JSON file, iterates over array items, applies and generates patches, and cleans up resources.",LLM_ANALYSIS,217-232
tests\compare_tests.c,cjson_compare_should_compare_arrays,False,,The function appears to be a test function that calls compare_from_string with various JSON-like strings. No obvious security vulnerabilities are present in the provided code.,LLM_ANALYSIS,141-158
tests\minify_tests.c,cjson_minify_should_not_overflow_buffer,False,,"The function initializes local character arrays with string literals that contain escape sequences. The first array contains an unclosed comment marker, and the second contains a quote and backslash.",LLM_ANALYSIS,32-42
tests\minify_tests.c,cjson_minify_should_remove_single_line_comments,False,,The function allocates a buffer of size sizeof(to_minify) which is exactly the size of the source string including the null terminator. The strcpy is safe because the source fits.,LLM_ANALYSIS,44-56
tests\misc_tests.c,cjson_array_foreach_should_loop_over_arrays,False,,The function creates a cJSON array with 10 elements and iterates over them using cJSON_ArrayForEach. The array is properly initialized with child pointers and linked list structure.,LLM_ANALYSIS,32-58
tests\misc_tests.c,cjson_array_foreach_should_not_dereference_null_pointer,True,CWE-476,"[CWE-476] The function iterates over a NULL pointer 'array' using cJSON_ArrayForEach. This macro dereferences the array pointer to access its head, leading to a NULL pointer dereference and potential crash.",LLM_ANALYSIS,60-65
tests\minify_tests.c,cjson_minify_should_remove_spaces,False,,"The code allocates a buffer of size sizeof(to_minify) which is exactly the size of the source string including the null terminator. The cJSON_Minify function only removes whitespace and does not expand the string, so the buffer is sufficient.",LLM_ANALYSIS,58-70
tests\misc_tests.c,cjson_get_object_item_case_sensitive_should_not_crash_with_array,False,,"The function parses a JSON array, attempts to retrieve a non-existent object item, asserts it is NULL, and cleans up. No security vulnerability detected.",LLM_ANALYSIS,141-151
tests\misc_tests.c,cjson_get_object_item_should_not_crash_with_array,False,,"The function parses a JSON array and attempts to get an object item by name, which is expected to return NULL. The code properly deletes the parsed JSON object.",LLM_ANALYSIS,129-139
tests\misc_tests.c,cjson_get_object_item_should_get_object_items,False,,"The function calls cJSON_GetObjectItem with NULL arguments (NULL object and NULL key) to test error handling. While the library is expected to handle NULL inputs gracefully, passing NULL to functions that do not explicitly document NULL safety can lead to undefined behavior or crashes.",LLM_ANALYSIS,67-96
tests\misc_tests.c,cjson_get_object_item_case_sensitive_should_get_object_items,False,,"The function calls cJSON_GetObjectItemCaseSensitive with a NULL pointer as the first argument. If the function does not handle NULL input gracefully, this could lead to a NULL pointer dereference.",LLM_ANALYSIS,98-127
tests\misc_tests.c,typecheck_functions_should_check_type,False,,"The function declares arrays of size 1 (cJSON invalid[1]; cJSON item[1];) and then uses them as pointers (invalid->type, item->type). This is valid C but the arrays are uninitialized, leading to undefined behavior when reading their contents.",LLM_ANALYSIS,153-207
tests\misc_tests.c,cjson_should_not_parse_to_deeply_nested_jsons,False,,"The function allocates a buffer of size CJSON_NESTING_LIMIT + 1 and fills it with '[' characters, then sets the last character to null terminator. This creates a string of CJSON_NESTING_LIMIT '[' characters.",LLM_ANALYSIS,209-221
tests\misc_tests.c,cjson_should_not_follow_too_deep_circular_references,True,CWE-416,"[CWE-416] The code creates a circular reference by adding array 'o' to itself indirectly (o -> a -> b -> o). When cJSON_Duplicate is called with recurse=1, it attempts to recursively duplicate the structure, leading to infinite recursion and stack overflow.",LLM_ANALYSIS,223-238
tests\misc_tests.c,cjson_set_number_value_should_set_numbers,True,CWE-681,"[CWE-681] The function uses cJSON_SetNumberValue which may have undefined behavior when converting double values to int if the value is out of int range. Specifically, converting a double that is outside the range of int (e.g., 1 + (double)INT_MAX or -1 + (double)INT_MIN) to int is undefined behavior in C.",LLM_ANALYSIS,240-259
tests\misc_tests.c,cjson_replace_item_via_pointer_should_replace_items,True,CWE-590,"[CWE-590] The function uses stack-allocated cJSON objects (replacements) and inserts them into a cJSON array. When cJSON_free(array) is called, it will attempt to free the child nodes, which are stack-allocated, leading to a double-free or invalid free.",LLM_ANALYSIS,316-360
tests\misc_tests.c,cjson_detach_item_via_pointer_should_detach_items,False,,"The function manipulates a circular doubly linked list of cJSON objects. The list is initialized with 4 elements, and the links are set up correctly.",LLM_ANALYSIS,261-299
tests\misc_tests.c,cjson_functions_should_not_crash_with_null_pointers,True,CWE-416,"[CWE-416] The function intentionally corrupts a cJSON object by freeing its valuestring and setting it to NULL, then calls cJSON_SetValuestring on the corrupted object. This can lead to a use-after-free or NULL pointer dereference if the library does not handle such corrupted state safely.",LLM_ANALYSIS,384-490
tests\misc_tests.c,cjson_replace_item_in_object_should_preserve_name,True,CWE-590,[CWE-590] The function uses a stack-allocated cJSON object 'root' initialized with all fields set to NULL/0. cJSON_AddItemToObject and cJSON_ReplaceItemInObject are called on this object.,LLM_ANALYSIS,362-382
tests\misc_tests.c,cjson_detach_item_via_pointer_should_return_null_if_item_prev_is_null,False,,"The function creates a linked list of cJSON objects on the stack and uses cJSON_DetachItemViaPointer to detach items. The first detach call attempts to detach list[1] from the parent, but list[1] is not directly a child of parent; it is only reachable through list[0].next.",LLM_ANALYSIS,301-314
tests\misc_tests.c,cjson_set_valuestring_should_return_null_if_strings_overlap,True,CWE-805,"[CWE-805] The function cJSON_SetValuestring is called with a source string that overlaps with the destination buffer. The first call returns a pointer to the internal string buffer, and then the pointer is incremented by 1, making it point to the second character of the same buffer.",LLM_ANALYSIS,492-508
tests\misc_tests.c,skip_utf8_bom_should_not_skip_bom_if_not_at_beginning,False,,"The function initializes a parse_buffer with a string containing a UTF-8 BOM and calls skip_utf8_bom. The buffer length is set to sizeof(string), which includes the null terminator.",LLM_ANALYSIS,538-548
tests\misc_tests.c,ensure_should_fail_on_failed_realloc,True,CWE-415,"[CWE-415] The function allocates a buffer of 100 bytes but then calls ensure() with a size of 200. If ensure() does not properly handle the case where realloc fails (as indicated by the failing_realloc function), it could lead to a use-after-free or double-free vulnerability.",LLM_ANALYSIS,517-524
tests\misc_tests.c,skip_utf8_bom_should_skip_bom,False,,The function initializes a parse_buffer with a string containing a UTF-8 BOM followed by '{}'. It then calls skip_utf8_bom and asserts that the offset is 3.,LLM_ANALYSIS,526-536
tests\misc_tests.c,cjson_get_string_value_should_get_a_string,False,,"The function creates cJSON objects and checks the behavior of cJSON_GetStringValue. It does not appear to contain any security vulnerabilities such as buffer overflows, use-after-free, or null pointer dereferences.",LLM_ANALYSIS,550-561
tests\misc_tests.c,cjson_create_object_reference_should_create_an_object_reference,True,CWE-416,"[CWE-416] The function creates a cJSON object and a number, adds the number to the object, then creates a reference to the number. It deletes the object and the reference.",LLM_ANALYSIS,587-604
tests\misc_tests.c,cjson_get_number_value_should_get_a_number,False,,"The function creates cJSON objects and calls cJSON_GetNumberValue on them. The function cJSON_GetNumberValue is designed to return the numeric value if the item is a number, and NaN otherwise.",LLM_ANALYSIS,563-574
tests\misc_tests.c,cjson_create_string_reference_should_create_a_string_reference,False,,"The function creates a cJSON string reference to a static string literal and then deletes it. cJSON_CreateStringReference does not allocate memory for the string, and cJSON_Delete will attempt to free the valuestring if the item is not a reference.",LLM_ANALYSIS,576-585
tests\misc_tests.c,cjson_create_array_reference_should_create_an_array_reference,True,CWE-415,"[CWE-415] The code creates a cJSON array reference to a number that is also a child of another array. When number_array is deleted, it will delete the number object.",LLM_ANALYSIS,606-622
tests\misc_tests.c,cjson_add_item_to_object_or_array_should_not_add_itself,False,,"The function attempts to add an object to itself and an array to itself, which are invalid operations that should be rejected by the cJSON library. The code checks the return values and asserts that they fail, which is correct.",LLM_ANALYSIS,624-638
tests\misc_tests.c,cjson_add_item_to_object_should_not_use_after_free_when_string_is_aliased,False,,"The code appears to be a test function that creates a cJSON object, a number, and a string. It assigns the string to the number's 'string' field, then adds the number to the object using the same string as the key.",LLM_ANALYSIS,640-657
tests\misc_tests.c,cjson_delete_item_from_array_should_not_broken_list_structure,False,,No security vulnerability detected. The function properly manages memory by freeing allocated strings and deleting the cJSON root object.,LLM_ANALYSIS,659-691
tests\misc_utils_tests.c,main,False,,The function appears to be a test harness that calls Unity test macros. No security vulnerabilities are evident in this code snippet.,LLM_ANALYSIS,73-80
tests\misc_tests.c,cjson_set_bool_value_must_not_break_objects,True,CWE-476,"[CWE-476] The function calls cJSON_SetBoolValue(refobj, 1) with refobj initialized to NULL. This is a null pointer dereference, which can lead to a crash or undefined behavior.",LLM_ANALYSIS,728-784
tests\misc_tests.c,cjson_set_valuestring_to_object_should_not_leak_memory,False,,"The function uses cJSON_SetValuestring on a reference item (item2) which is created with cJSON_CreateStringReference. According to cJSON documentation, reference items do not own their valuestring and should not be modified.",LLM_ANALYSIS,693-726
tests\misc_tests.c,cjson_parse_big_numbers_should_not_report_error,False,,"The function parses JSON strings and checks for null results. It does not perform any unsafe operations such as buffer overflows, integer overflows, or memory leaks.",LLM_ANALYSIS,786-800
tests\old_utils_tests.c,misc_tests,False,,The function appears to be a test function that creates and manipulates cJSON objects. It properly frees allocated pointers and deletes cJSON objects.,LLM_ANALYSIS,88-136
tests\old_utils_tests.c,json_pointer_tests,False,,The function parses a static JSON string and uses cJSONUtils_GetPointer to access elements. No security vulnerabilities were identified.,LLM_ANALYSIS,52-86
tests\misc_utils_tests.c,cjson_utils_functions_shouldnt_crash_with_null_pointers,False,,"The function appears to be a test function that exercises various cJSON utility functions with NULL and invalid arguments. It does not contain any obvious security vulnerabilities such as buffer overflows, use-after-free, or memory leaks.",LLM_ANALYSIS,32-71
tests\old_utils_tests.c,main,False,,The function appears to be a test runner that calls various test functions. No security vulnerabilities are evident in the provided code.,LLM_ANALYSIS,247-259
tests\old_utils_tests.c,sort_tests,False,,"The function uses a fixed-size buffer 'buf' of size 2 and writes a single character from 'random' into buf[0] and a null terminator at buf[1]. This is safe because the loop runs 26 times and each iteration writes exactly one character plus null terminator, which fits within the buffer.",LLM_ANALYSIS,138-166
tests\parse_array.c,assert_not_array,False,,The code sets buffer.length to strlen(json) + sizeof(,LLM_ANALYSIS,45-54
tests\parse_array.c,assert_is_array,False,,"The function performs multiple assertions to validate the input object's properties. It does not directly manipulate memory, dereference unchecked pointers, or perform unsafe operations.",LLM_ANALYSIS,33-43
tests\parse_array.c,assert_parse_array,False,,The function sets buffer.length to strlen(json) + sizeof(,LLM_ANALYSIS,56-65
tests\old_utils_tests.c,generate_merge_tests,False,,"The function does not check the return values of cJSON_Parse, cJSONUtils_GenerateMergePatch, cJSONUtils_MergePatch, or cJSON_PrintUnformatted. If any of these return NULL (e.g., due to invalid JSON input or memory allocation failure), the code will dereference a NULL pointer, leading to a crash.",LLM_ANALYSIS,225-245
tests\old_utils_tests.c,merge_tests,True,CWE-457,"[CWE-457] The function uses `patch` variable which is not declared or initialized in the provided code, leading to undefined behavior. Additionally, `patchtext` is assigned the result of `cJSON_PrintUnformatted(patch)` but is never used, and `patch` is not freed, causing a memory leak.",LLM_ANALYSIS,168-190
tests\parse_array.c,parse_array_should_parse_empty_arrays,False,,The function appears to be a test function that calls assertion macros and helper functions. No security vulnerabilities are evident from the provided code snippet.,LLM_ANALYSIS,67-74
tests\old_utils_tests.c,merge_patch_should_not_read_freed_memory_when_patch_is_subtree,True,CWE-416,"[CWE-416] The function calls cJSONUtils_MergePatch(target, patch) where patch is a child of target. The comment indicates a potential use-after-free vulnerability if the patch is a subtree of target.",LLM_ANALYSIS,192-223
tests\parse_examples.c,file_test2_should_be_parsed_and_printed,False,,The function simply calls do_test with a constant string. No security vulnerabilities detected.,LLM_ANALYSIS,114-117
tests\parse_examples.c,file_test1_should_be_parsed_and_printed,False,,The function is a simple wrapper that calls do_test with a constant string. No security vulnerabilities detected.,LLM_ANALYSIS,109-112
tests\parse_array.c,parse_array_should_parse_arrays_with_one_element,False,,"The function uses test assertion macros (assert_parse_array, assert_has_child, etc.) which are likely part of a test framework. No security vulnerabilities are evident in the provided code.",LLM_ANALYSIS,77-102
tests\parse_examples.c,file_test3_should_be_parsed_and_printed,False,,The function simply calls do_test with a constant string. No security vulnerabilities detected.,LLM_ANALYSIS,119-122
tests\parse_array.c,parse_array_should_not_parse_non_arrays,False,,"The function only calls assert_not_array with string literals. No user input is processed, no memory operations are performed, and no security-relevant behavior is present.",LLM_ANALYSIS,145-154
tests\parse_examples.c,file_test4_should_be_parsed_and_printed,False,,The function simply calls do_test with a constant string. No security vulnerabilities detected.,LLM_ANALYSIS,124-127
tests\parse_array.c,parse_array_should_parse_arrays_with_multiple_elements,False,,"The function uses TEST_ASSERT macros and assert_parse_array, which are likely from a test framework. The loop iterates over expected_types and node, but the loop condition checks both i < 7 and node != NULL.",LLM_ANALYSIS,104-143
tests\parse_examples.c,do_test,True,CWE-120,"[CWE-120] The use of sprintf without bounds checking can lead to a buffer overflow. The allocated buffer sizes for test_path and expected_path are based on strlen(test_name) plus the size of the string literals, but the actual strings written include the directory path and the test name, and for expected_path",LLM_ANALYSIS,46-107
tests\parse_examples.c,file_test7_should_be_parsed_and_printed,False,,The function simply calls do_test with a constant string. No security vulnerabilities detected.,LLM_ANALYSIS,157-160
tests\parse_examples.c,file_test5_should_be_parsed_and_printed,False,,The function simply calls do_test with a string literal. No security vulnerabilities detected.,LLM_ANALYSIS,129-132
tests\parse_examples.c,file_test10_should_be_parsed_and_printed,False,,The function simply calls do_test with a constant string. No security vulnerabilities detected.,LLM_ANALYSIS,172-175
tests\parse_examples.c,file_test8_should_be_parsed_and_printed,False,,The function simply calls do_test with a constant string. No security vulnerabilities detected.,LLM_ANALYSIS,162-165
tests\parse_examples.c,file_test9_should_be_parsed_and_printed,False,,The function simply calls do_test with a constant string. No security vulnerabilities detected.,LLM_ANALYSIS,167-170
tests\parse_examples.c,file_test6_should_not_be_parsed,False,,"The function reads a file, attempts to parse it as JSON, and checks that parsing fails. It properly frees allocated memory and handles NULL pointers.",LLM_ANALYSIS,134-155
tests\parse_examples.c,file_test11_should_be_parsed_and_printed,False,,The function simply calls do_test with a constant string. No security vulnerabilities detected.,LLM_ANALYSIS,177-180
tests\parse_hex4.c,parse_hex4_should_parse_all_combinations,False,,"The sprintf function is used to write formatted data into fixed-size buffers (digits_lower and digits_upper) of size 6 bytes. The format string '%.4x' and '%.4X' will produce at most 4 characters plus a null terminator, which fits within the 6-byte buffers.",LLM_ANALYSIS,31-45
tests\parse_number.c,assert_parse_number,False,,The function uses strlen(string) + sizeof(,LLM_ANALYSIS,46-57
tests\parse_number.c,parse_number_should_parse_negative_integers,False,,The function contains only test assertions with constant values. No security vulnerabilities detected.,LLM_ANALYSIS,77-82
tests\parse_number.c,assert_is_number,False,,"The function performs multiple assertions to validate the input object's properties. It does not directly manipulate memory, perform unsafe operations, or introduce security vulnerabilities.",LLM_ANALYSIS,33-44
tests\parse_number.c,assert_parse_big_number,False,,The function sets buffer.length to strlen(string) + sizeof(,LLM_ANALYSIS,59-68
tests\parse_number.c,parse_number_should_parse_zero,False,,The function contains only assertions that compare parsed numbers with expected values. No security vulnerability is apparent.,LLM_ANALYSIS,70-75
tests\parse_hex4.c,parse_hex4_should_parse_mixed_case,False,,"The function contains only test assertions with constant string literals passed to parse_hex4. No user-controlled input, no memory operations, and no security vulnerabilities detected.",LLM_ANALYSIS,47-65
tests\parse_number.c,parse_number_should_parse_positive_integers,False,,The function contains only assertions with constant values and no user-controlled input or unsafe operations. No security vulnerability detected.,LLM_ANALYSIS,84-89
tests\parse_number.c,parse_number_should_parse_negative_reals,False,,The function contains only calls to assert_parse_number with constant arguments. No security vulnerability is apparent in this code snippet.,LLM_ANALYSIS,101-109
tests\parse_number.c,parse_number_should_parse_big_numbers,False,,"The function only calls assert_parse_big_number with string literals. No user input is involved, and no memory or arithmetic operations are performed directly.",LLM_ANALYSIS,111-116
tests\parse_object.c,assert_parse_object,False,,The function sets parsebuffer.length to strlen(json) + sizeof(,LLM_ANALYSIS,65-74
tests\parse_number.c,parse_number_should_parse_positive_reals,False,,"The function contains only calls to assert_parse_number with constant string literals and expected values. No user input is involved, no memory operations, no arithmetic that could overflow in an unsafe way, and no security-relevant behavior.",LLM_ANALYSIS,91-99
tests\parse_object.c,assert_is_object,False,,"The function performs multiple assertions to validate the object_item, including checking it is not NULL, not in a list, has the correct type, and has no references or strings. These assertions are likely test assertions (e.g., from a testing framework) and do not introduce security vulnerabilities.",LLM_ANALYSIS,33-43
tests\parse_object.c,assert_is_child,False,,"The function uses TEST_ASSERT macros which are typically used in test frameworks (e.g., Unity). These macros may abort or halt execution on failure, but they do not introduce memory safety vulnerabilities.",LLM_ANALYSIS,45-51
tests\parse_object.c,assert_not_object,False,,"The function does not contain a direct security vulnerability. It initializes a parse buffer with the input string and its length, then calls parse_object.",LLM_ANALYSIS,53-63
tests\parse_object.c,parse_object_should_parse_empty_objects,False,,The function appears to be a test function that parses JSON objects and checks for no children. No obvious security vulnerabilities are present.,LLM_ANALYSIS,76-85
tests\parse_string.c,assert_is_string,False,,The function performs a series of assertions to validate the input cJSON object. It does not directly handle untrusted data or perform unsafe operations.,LLM_ANALYSIS,33-44
tests\parse_object.c,parse_object_should_not_parse_non_objects,False,,The function contains only calls to assert_not_object with string literals. No security vulnerabilities detected.,LLM_ANALYSIS,154-163
tests\parse_string.c,assert_parse_string,False,,The function sets buffer.length to strlen(string) + sizeof(,LLM_ANALYSIS,46-58
tests\parse_object.c,parse_object_should_parse_objects_with_one_element,False,,"The function uses assert_parse_object and assert_is_child macros which are not defined in the provided code. If these macros are not properly defined, they could lead to undefined behavior or security issues.",LLM_ANALYSIS,87-105
tests\parse_string.c,parse_string_should_parse_utf16_surrogate_pairs,False,,The function appears to be a test or utility function that calls assert_parse_string with a Unicode escape sequence and a literal emoji. No obvious security vulnerability is present in this code snippet.,LLM_ANALYSIS,87-91
tests\parse_string.c,parse_string_should_parse_strings,False,,"The function appears to be a test function that calls assert_parse_string with various string literals. No obvious security vulnerabilities such as buffer overflows, format string issues, or memory corruption are present in the provided code.",LLM_ANALYSIS,73-85
tests\parse_object.c,parse_object_should_parse_objects_with_multiple_elements,False,,"The function uses assert_parse_object and assert_is_child macros which are not defined in the provided code. If these macros are not properly defined, they could lead to undefined behavior or security issues.",LLM_ANALYSIS,107-152
tests\parse_string.c,assert_not_parse_string,False,,The function uses strlen(string) + sizeof(,LLM_ANALYSIS,60-69
tests\parse_string.c,parse_string_should_not_parse_invalid_backslash,False,,"The function contains no obvious security vulnerabilities. It calls assert_not_parse_string with string literals and reset(item), but without context on these functions, no memory safety, injection, or other common CWE issues are apparent.",LLM_ANALYSIS,101-107
tests\parse_string.c,parse_string_should_not_parse_non_strings,False,,"The function contains no obvious security vulnerabilities. It calls assert_not_parse_string and reset functions, but without context on their implementations, no direct memory safety, injection, or other common CWE issues are evident.",LLM_ANALYSIS,93-99
tests\parse_value.c,parse_value_should_parse_null,False,,The function appears to be a test helper that asserts parsing of a JSON null value and resets an item. No obvious security vulnerability is present in the provided code snippet.,LLM_ANALYSIS,55-59
tests\parse_string.c,parse_string_should_parse_bug_94,False,,"The function contains a string literal with complex escape sequences that may lead to incorrect parsing or buffer overflows if the parsing function does not handle the input safely. However, without the implementation of assert_parse_string and the context of the 'item' variable, it is not possible",LLM_ANALYSIS,115-120
tests\parse_value.c,parse_value_should_parse_false,False,,The function appears to be a test or utility function that calls assert_parse_value and reset. No obvious security vulnerability is present in the provided code snippet.,LLM_ANALYSIS,67-71
tests\parse_value.c,parse_value_should_parse_true,False,,The function appears to be a test or utility function that calls assert_parse_value and reset. No obvious security vulnerability is present in the provided code snippet.,LLM_ANALYSIS,61-65
tests\parse_value.c,assert_parse_value,False,,"The function does not appear to contain a direct security vulnerability. It initializes a parse_buffer, sets its content to the input string, calculates the length as strlen(string) + 1 (sizeof(",LLM_ANALYSIS,44-53
tests\parse_string.c,parse_string_should_not_overflow_with_closing_backslash,False,,"The function contains an assert_not_parse_string call with a string literal that appears to be a test assertion, not a vulnerability. The string is a constant and does not involve user input or memory operations.",LLM_ANALYSIS,109-113
tests\parse_value.c,parse_value_should_parse_number,False,,"The function contains no obvious security vulnerabilities. It calls assert_parse_value and reset, which appear to be test/utility functions.",LLM_ANALYSIS,73-77
tests\parse_value.c,parse_value_should_parse_array,False,,The function appears to be a test or utility function that calls other functions. No obvious security vulnerability is present in the provided code snippet.,LLM_ANALYSIS,87-91
tests\parse_value.c,parse_value_should_parse_string,False,,The function appears to be a test function that calls assert_parse_value and reset. No obvious security vulnerability is present in the provided code snippet.,LLM_ANALYSIS,79-85
tests\parse_value.c,assert_is_value,False,,The function performs several assertions and test checks. It does not appear to have a security vulnerability.,LLM_ANALYSIS,33-42
tests\parse_value.c,parse_value_should_parse_object,False,,The function appears to be a test or utility function that calls assert_parse_value and reset. No obvious security vulnerability is present in the provided code snippet.,LLM_ANALYSIS,93-97
tests\print_array.c,print_array_should_print_empty_arrays,False,,The function simply calls assert_print_array with two string literals. No security vulnerabilities detected.,LLM_ANALYSIS,70-73
tests\print_number.c,print_number_should_print_zero,False,,The function target_function calls assert_print_number with a string literal and an integer constant. No security vulnerability is apparent in this code snippet.,LLM_ANALYSIS,65-68
tests\print_array.c,assert_print_array,True,CWE-121,"[CWE-121] The function uses fixed-size stack buffers (printed_unformatted and printed_formatted) of 1024 bytes. The input string is parsed and then printed into these buffers with noalloc=true, meaning the print functions will not allocate additional memory.",LLM_ANALYSIS,27-68
tests\print_array.c,print_array_should_print_arrays_with_one_element,False,,"The function contains only calls to assert_print_array with constant string arguments. No user input, memory operations, or external dependencies are involved.",LLM_ANALYSIS,75-82
tests\print_array.c,print_array_should_print_arrays_with_multiple_elements,False,,The function contains only static assertions comparing string literals. No security vulnerabilities detected.,LLM_ANALYSIS,84-88
tests\print_number.c,print_number_should_print_positive_reals,False,,The function contains only calls to assert_print_number with constant arguments. No security vulnerabilities detected.,LLM_ANALYSIS,84-92
tests\print_number.c,print_number_should_print_positive_integers,False,,The function calls assert_print_number with constant values that are within the expected range for the function's parameters. No security vulnerability is apparent.,LLM_ANALYSIS,77-82
tests\print_number.c,assert_print_number,True,CWE-120,"[CWE-120] The function has a buffer overflow vulnerability. The buffer 'printed' is allocated with size 1024, but then the pointer 'buffer.buffer' is reassigned to 'new_buffer' which has size 26.",LLM_ANALYSIS,27-63
tests\print_number.c,print_number_should_print_negative_integers,False,,The function calls assert_print_number with constant values. No obvious security vulnerability is present.,LLM_ANALYSIS,70-75
tests\print_number.c,print_number_should_print_non_number,False,,The function contains only a test ignore directive and commented-out code. No security vulnerabilities detected.,LLM_ANALYSIS,103-110
tests\print_object.c,print_object_should_print_objects_with_multiple_elements,False,,"The function only calls assert_print_object with string literals. No user input, no dynamic memory operations, no unsafe function calls, and no potential for buffer overflows or other common vulnerabilities.",LLM_ANALYSIS,85-89
tests\print_number.c,print_number_should_print_negative_reals,False,,"The function contains only calls to assert_print_number with constant arguments. No user input, memory operations, or external interactions are present.",LLM_ANALYSIS,94-101
tests\print_object.c,assert_print_object,True,CWE-121,"[CWE-121] The function uses fixed-size buffers (printed_unformatted and printed_formatted) of 1024 bytes and sets noalloc=true, meaning print_object will not allocate additional memory. If the input string is longer than 1024 bytes, the print operation can overflow the buffer, leading to a buffer overflow.",LLM_ANALYSIS,27-69
tests\print_object.c,print_object_should_print_objects_with_one_element,False,,"The function contains only calls to assert_print_object with string literals. No user input, memory operations, or external dependencies are involved.",LLM_ANALYSIS,76-83
tests\print_object.c,print_object_should_print_empty_objects,False,,"The function calls assert_print_object with a format string and an argument. Without seeing the implementation of assert_print_object, it is not possible to determine if there is a format string vulnerability.",LLM_ANALYSIS,71-74
tests\print_string.c,print_string_should_print_ascii,False,,"The function writes to the 'ascii' array of size 0x7F (127 bytes). The loop runs from i=1 to i<0x7F (i.e., i=1 to 126), writing ascii[i-1] for each i.",LLM_ANALYSIS,47-61
tests\print_string.c,print_string_should_print_utf8,False,,The function contains no security vulnerabilities. It simply calls assert_print_string with a string literal and a Unicode string.,LLM_ANALYSIS,63-66
tests\print_value.c,print_value_should_print_true,False,,"The function contains no security vulnerabilities. It simply calls assert_print_value with a constant string, which is a benign operation.",LLM_ANALYSIS,62-65
tests\print_string.c,print_string_should_print_empty_strings,False,,"The function calls assert_print_string with a string literal and NULL. If assert_print_string does not handle NULL safely, it could lead to a NULL pointer dereference.",LLM_ANALYSIS,41-45
tests\print_value.c,print_value_should_print_null,False,,The function simply calls assert_print_value with a string literal. No security vulnerability is apparent.,LLM_ANALYSIS,57-60
tests\print_value.c,print_value_should_print_false,False,,The function contains no security vulnerabilities. It simply calls assert_print_value with a constant string.,LLM_ANALYSIS,67-70
tests\print_string.c,assert_print_string,True,CWE-121,"[CWE-121] The function uses a fixed-size stack buffer (printed[1024]) and passes it to print_string_ptr without any length check on the input. If the input string is longer than 1023 bytes (plus null terminator), it will cause a buffer overflow, leading to memory corruption or code execution.",LLM_ANALYSIS,27-39
tests\print_value.c,assert_print_value,True,CWE-787,"[CWE-787] The function uses a fixed-size buffer of 1024 bytes for printing the parsed JSON value. If the input is large or the printed representation exceeds 1024 bytes, the print_value function may write beyond the buffer, causing a buffer overflow.",LLM_ANALYSIS,31-55
tests\print_value.c,print_value_should_print_number,False,,The function target_function calls assert_print_value with a string literal. No security vulnerability is apparent in this code snippet.,LLM_ANALYSIS,72-75
tests\print_value.c,print_value_should_print_string,False,,The function contains only calls to assert_print_value with string literals. No security vulnerabilities detected.,LLM_ANALYSIS,77-81
tests\print_value.c,print_value_should_print_array,False,,The function contains no security vulnerabilities. It simply calls assert_print_value with a static string literal.,LLM_ANALYSIS,83-86
tests\readme_examples.c,create_monitor_should_create_a_monitor,False,,"No obvious security vulnerability detected in the provided code snippet. The function creates a monitor, compares it to a global 'json' string, and frees the monitor.",LLM_ANALYSIS,217-224
tests\print_value.c,print_value_should_print_object,False,,The function target_function calls assert_print_value with a constant string literal. No security vulnerability is apparent from the provided code.,LLM_ANALYSIS,88-91
tests\readme_examples.c,create_monitor,False,,"The function uses cJSON library correctly, checking for allocation failures and cleaning up resources. No security vulnerability detected.",LLM_ANALYSIS,45-115
tests\readme_examples.c,create_monitor_with_helpers_should_create_a_monitor,False,,"The function appears to be a test function that creates a monitor, compares it to a global 'json' string, and frees the monitor. No obvious security vulnerability is present in the provided code.",LLM_ANALYSIS,226-233
tests\unity\examples\example_1\src\ProductionCode.c,FunctionWhichReturnsLocalVariable,False,,The function simply returns a global variable 'Counter'. No security vulnerability detected.,LLM_ANALYSIS,21-24
tests\unity\examples\example_1\test\TestProductionCode.c,tearDown,False,,"The function is empty and contains no operations, so no security vulnerabilities are present.",LLM_ANALYSIS,16-18
tests\unity\examples\example_1\test\TestProductionCode.c,setUp,False,,The function simply assigns a constant value to a global variable. No security vulnerability detected.,LLM_ANALYSIS,10-14
tests\readme_examples.c,supports_full_hd,True,CWE-476,"[CWE-476] The function does not check if 'resolutions' is an array before iterating over it with cJSON_ArrayForEach. If 'resolutions' is not an array (e.g., a string, number, or null), the macro may dereference invalid memory, leading to a crash or undefined behavior.",LLM_ANALYSIS,169-215
tests\unity\examples\example_1\src\ProductionCode2.c,ThisFunctionHasNotBeenTested,False,,The function does not perform any operations on its inputs and simply returns a null pointer. No security vulnerability is present.,LLM_ANALYSIS,4-11
tests\unity\examples\example_1\test\TestProductionCode2.c,setUp,False,,"The function is empty and contains no operations, so no security vulnerabilities are present.",LLM_ANALYSIS,10-12
tests\unity\examples\example_1\test\TestProductionCode2.c,tearDown,False,,"The function is empty and contains no operations, so no security vulnerabilities are present.",LLM_ANALYSIS,14-16
tests\unity\examples\example_1\test\TestProductionCode.c,test_FindFunction_WhichIsBroken_ShouldReturnZeroIfItemIsNotInList_WhichWorksEvenInOurBrokenCode,False,,The function only contains test assertions calling another function. No security vulnerability is present in this code snippet.,LLM_ANALYSIS,20-28
tests\readme_examples.c,supports_full_hd_should_check_for_full_hd_support,False,,The function itself does not contain any obvious security vulnerabilities. It defines a static string and calls test assertion functions.,LLM_ANALYSIS,235-247
tests\unity\examples\example_1\src\ProductionCode.c,FindFunction_WhichIsBroken,True,CWE-125,"[CWE-125] The while loop lacks braces, so only the i++ statement is part of the loop. The if statement executes after the loop completes, when i is 9, causing an out-of-bounds read of NumbersToFind[9] if the array has fewer than 10 elements.",LLM_ANALYSIS,11-19
tests\unity\examples\example_1\test\TestProductionCode.c,test_FindFunction_WhichIsBroken_ShouldReturnTheIndexForItemsInList_WhichWillFailBecauseOurFunctionUnderTestIsBroken,False,,The function contains only test assertions and does not perform any security-sensitive operations. No vulnerability detected.,LLM_ANALYSIS,30-39
tests\unity\examples\example_1\test\TestProductionCode2.c,test_AnotherIgnoredTest,False,,The function contains only a test ignore message and performs no security-relevant operations. No vulnerability detected.,LLM_ANALYSIS,23-26
tests\unity\examples\example_1\test\TestProductionCode.c,test_FunctionWhichReturnsLocalVariable_ShouldReturnTheCurrentCounterValue,False,,The function appears to be a test function that checks the behavior of FunctionWhichReturnsLocalVariable() and modifies a global variable Counter. No security vulnerability is evident from the provided code.,LLM_ANALYSIS,41-49
tests\unity\examples\example_1\test\TestProductionCode2.c,test_IgnoredTest,False,,"The function simply calls TEST_IGNORE_MESSAGE, which is a test framework macro to skip a test. No security vulnerability is present.",LLM_ANALYSIS,18-21
tests\unity\examples\example_1\test\TestProductionCode2.c,test_ThisFunctionHasNotBeenTested_NeedsToBeImplemented,False,,"The function contains a test macro (TEST_IGNORE) that is not a security vulnerability. It simply marks the test as ignored and does not introduce any memory safety, input validation, or other security issues.",LLM_ANALYSIS,28-31
tests\unity\examples\example_2\src\ProductionCode.c,FunctionWhichReturnsLocalVariable,False,,The function simply returns a global variable 'Counter'. No security vulnerability detected.,LLM_ANALYSIS,21-24
tests\unity\examples\example_1\test\TestProductionCode.c,test_FunctionWhichReturnsLocalVariable_ShouldReturnCurrentCounter_ButFailsBecauseThisTestIsActuallyFlawed,False,,"The function calls FunctionWhichReturnsLocalVariable() and compares its return value to 0x1234. If the function returns a pointer to a local variable, that would be a use-after-return vulnerability, but the code as shown does not reveal the implementation of FunctionWhichReturnsLocalVariable.",LLM_ANALYSIS,57-62
tests\unity\examples\example_1\test\test_runners\TestProductionCode2_Runner.c,resetTest,False,,The function simply calls tearDown() and setUp() in sequence. No security vulnerability is apparent in this code snippet.,LLM_ANALYSIS,37-41
tests\unity\examples\example_1\test\TestProductionCode.c,test_FunctionWhichReturnsLocalVariable_ShouldReturnTheCurrentCounterValueAgain,False,,The function contains a test assertion that compares the return value of FunctionWhichReturnsLocalVariable() to 0x5a5a. No security vulnerability is evident from the provided code.,LLM_ANALYSIS,51-55
tests\unity\examples\example_1\test\test_runners\TestProductionCode2_Runner.c,main,False,,No security vulnerabilities detected. The function appears to be a test runner that calls Unity test macros and returns the result of UnityEnd().,LLM_ANALYSIS,45-53
tests\unity\examples\example_1\test\test_runners\TestProductionCode_Runner.c,main,False,,The function appears to be a test runner that calls Unity test macros and returns the result of UnityEnd(). No security vulnerabilities were identified in the provided code.,LLM_ANALYSIS,47-57
tests\unity\examples\example_3\src\ProductionCode.c,FunctionWhichReturnsLocalVariable,False,,The function simply returns a global variable 'Counter'. No security vulnerability detected.,LLM_ANALYSIS,21-24
tests\unity\examples\example_2\src\ProductionCode2.c,ThisFunctionHasNotBeenTested,False,,The function does not perform any operations on its inputs and always returns a null pointer. No security vulnerability is present.,LLM_ANALYSIS,4-11
tests\unity\examples\example_3\helper\UnityHelper.c,AssertEqualExampleStruct,False,,The function compares fields of two structs using Unity's assertion macros. No security vulnerability detected.,LLM_ANALYSIS,6-10
tests\unity\examples\example_3\test\TestProductionCode.c,tearDown,False,,"The function is empty and contains no operations, so no security vulnerabilities are present.",LLM_ANALYSIS,16-18
tests\unity\examples\example_2\test\test_runners\all_tests.c,RunAllTests,False,,The function simply calls test group runners and does not contain any security-relevant operations or vulnerabilities.,LLM_ANALYSIS,3-7
tests\unity\examples\example_2\test\test_runners\all_tests.c,main,False,,"The function simply forwards its arguments to UnityMain, which is a test runner. No security vulnerability is apparent in this code snippet.",LLM_ANALYSIS,9-12
tests\unity\examples\example_1\test\test_runners\TestProductionCode_Runner.c,resetTest,False,,The function simply calls tearDown() and setUp() in sequence. No security vulnerability is apparent in this code snippet.,LLM_ANALYSIS,39-43
tests\unity\examples\example_2\src\ProductionCode.c,FindFunction_WhichIsBroken,True,CWE-125,"[CWE-125] The while loop lacks braces, so only 'i++' is inside the loop. The 'if' statement executes after the loop completes, when i is 9, causing an out-of-bounds read of NumbersToFind[9] if the array has fewer than 10 elements.",LLM_ANALYSIS,11-19
tests\unity\examples\example_3\src\ProductionCode.c,FindFunction_WhichIsBroken,True,CWE-125,"[CWE-125] The while loop lacks braces, so only the i++ statement is inside the loop. The if statement executes after the loop completes, when i is 9, causing an out-of-bounds read of the NumbersToFind array (if it has 9 elements, index 9 is out of bounds).",LLM_ANALYSIS,11-19
tests\unity\examples\example_3\test\TestProductionCode2.c,setUp,False,,"The function is empty and contains no operations, so no security vulnerabilities are present.",LLM_ANALYSIS,10-12
tests\unity\examples\example_3\test\TestProductionCode2.c,tearDown,False,,"The function is empty and contains no operations, so no security vulnerabilities are present.",LLM_ANALYSIS,14-16
tests\unity\examples\example_3\test\TestProductionCode2.c,test_IgnoredTest,False,,"The function simply calls TEST_IGNORE_MESSAGE, which is a test framework macro to skip a test. No security vulnerability is present.",LLM_ANALYSIS,18-21
tests\unity\examples\example_3\test\TestProductionCode2.c,test_AnotherIgnoredTest,False,,The function contains only a test ignore message and performs no security-relevant operations. No vulnerability detected.,LLM_ANALYSIS,23-26
tests\unity\examples\example_3\test\TestProductionCode.c,test_FindFunction_WhichIsBroken_ShouldReturnZeroIfItemIsNotInList_WhichWorksEvenInOurBrokenCode,False,,The function only contains test assertions calling another function. No security vulnerability is present in this code snippet itself.,LLM_ANALYSIS,20-28
tests\unity\examples\example_3\test\TestProductionCode.c,test_FindFunction_WhichIsBroken_ShouldReturnTheIndexForItemsInList_WhichWillFailBecauseOurFunctionUnderTestIsBroken,False,,The function contains only test assertions and does not perform any security-sensitive operations. No vulnerability detected.,LLM_ANALYSIS,30-39
tests\unity\examples\example_3\test\TestProductionCode.c,setUp,False,,The function simply assigns a constant value to a global variable. No security vulnerability detected.,LLM_ANALYSIS,10-14
tests\unity\examples\example_3\src\ProductionCode2.c,ThisFunctionHasNotBeenTested,False,,The function does not perform any operations on its inputs and always returns a null pointer. No security vulnerability is present.,LLM_ANALYSIS,4-11
tests\unity\examples\example_3\test\TestProductionCode.c,test_FunctionWhichReturnsLocalVariable_ShouldReturnTheCurrentCounterValue,False,,The function appears to be a test function that checks the behavior of FunctionWhichReturnsLocalVariable() and modifies a global variable Counter. No security vulnerability is evident from the provided code.,LLM_ANALYSIS,41-49
tests\unity\extras\fixture\src\unity_fixture.c,tearDown,False,,"The provided code snippet is incomplete and contains a preprocessor directive (#endif) without a matching #if, but the function itself is empty and performs no operations. No security vulnerability is present in the function body.",LLM_ANALYSIS,20-21
tests\unity\examples\example_3\test\TestProductionCode.c,test_FunctionWhichReturnsLocalVariable_ShouldReturnTheCurrentCounterValueAgain,False,,The function contains a test assertion that compares a value to 0x5a5a. No security vulnerability is apparent in this code snippet.,LLM_ANALYSIS,51-55
tests\unity\examples\example_3\test\TestProductionCode2.c,test_ThisFunctionHasNotBeenTested_NeedsToBeImplemented,False,,"The function contains only a TEST_IGNORE() macro call, which is a test framework directive and does not introduce any security vulnerability.",LLM_ANALYSIS,28-31
tests\unity\examples\example_3\test\TestProductionCode.c,test_FunctionWhichReturnsLocalVariable_ShouldReturnCurrentCounter_ButFailsBecauseThisTestIsActuallyFlawed,False,,"The function calls FunctionWhichReturnsLocalVariable() and compares its return value to 0x1234. If the function returns a pointer to a local variable, that would be a use-after-return vulnerability, but the code as shown does not indicate that.",LLM_ANALYSIS,57-62
tests\unity\extras\fixture\src\unity_fixture.c,selected,False,,The function checks for a null filter and uses strstr safely. No buffer overflow or memory safety issues detected.,LLM_ANALYSIS,51-56
tests\unity\extras\fixture\src\unity_fixture.c,announceTestRun,False,,"The function does not contain any security vulnerabilities. It only prints information using Unity's print functions, which are safe for the given inputs.",LLM_ANALYSIS,23-30
tests\unity\extras\fixture\src\unity_fixture.c,UnityMain,False,,"The function itself does not contain obvious security vulnerabilities. It calls external functions (UnityGetCommandLineOptions, UnityBegin, runAllTests, UnityEnd) whose implementations are not shown, so potential vulnerabilities could exist in those functions.",LLM_ANALYSIS,32-49
tests\unity\extras\fixture\src\unity_fixture.c,UnityMalloc_StartTest,False,,The function only initializes global variables and does not perform any unsafe operations. No vulnerability detected.,LLM_ANALYSIS,138-142
tests\unity\extras\fixture\src\unity_fixture.c,UnityMalloc_MakeMallocFailAfterCount,False,,The function simply assigns an integer value to a global variable. No security vulnerability is apparent.,LLM_ANALYSIS,153-156
tests\unity\extras\fixture\src\unity_fixture.c,testSelected,False,,The function simply delegates to selected() with a filter and a test name. No obvious vulnerability is present in the provided code.,LLM_ANALYSIS,58-61
tests\unity\extras\fixture\src\unity_fixture.c,groupSelected,False,,"The function simply passes the 'group' pointer to 'selected' without dereferencing or modifying it. No obvious vulnerability such as buffer overflow, null pointer dereference, or injection is present in this code snippet.",LLM_ANALYSIS,63-66
tests\unity\extras\fixture\src\unity_fixture.c,UnityMalloc_EndTest,False,,"The function checks for memory leaks by verifying that malloc_count is zero after setting malloc_fail_countdown to MALLOC_DONT_FAIL. It does not perform any unsafe operations such as buffer overflows, use-after-free, or uninitialized memory access.",LLM_ANALYSIS,144-151
tests\unity\extras\fixture\src\unity_fixture.c,UnityIgnoreTest,False,,"The function does not perform any memory operations, arithmetic, or system calls that could introduce common vulnerabilities. It only passes pointers to other functions and performs simple comparisons and increments.",LLM_ANALYSIS,115-129
tests\unity\extras\fixture\src\unity_fixture.c,unity_malloc,True,CWE-190,"[CWE-190] The function does not check for integer overflow when computing total_size = size + sizeof(Guard) + sizeof(end). If size is large (e.g., SIZE_MAX - small value), the addition can wrap around, leading to a small allocation and subsequent buffer overflow when writing the end marker.",LLM_ANALYSIS,181-216
tests\unity\extras\fixture\src\unity_fixture.c,UnityPointer_Init,False,,The function simply assigns 0 to a global variable 'pointer_index'. No security vulnerability detected.,LLM_ANALYSIS,317-320
tests\unity\extras\fixture\src\unity_fixture.c,unity_free,False,,"The function checks for NULL before use, calls isOverrun before releasing memory, and then releases memory. The use-after-free is not present because the memory is not accessed after release.",LLM_ANALYSIS,243-258
tests\unity\extras\fixture\src\unity_fixture.c,release_memory,False,,"The function decrements the guard pointer before accessing guard->size, which is a valid pattern for retrieving metadata stored before the allocated memory. However, the code does not validate that the guard pointer is within the bounds of the allocated block or that the size field is consistent.",LLM_ANALYSIS,227-241
tests\unity\extras\fixture\src\unity_fixture.c,unity_realloc,True,CWE-476,"[CWE-476] The function dereferences the guard pointer before checking if oldMem is NULL. If oldMem is NULL, the code will attempt to access memory at address -sizeof(Guard), causing a null pointer dereference or undefined behavior.",LLM_ANALYSIS,268-303
tests\unity\extras\fixture\src\unity_fixture.c,isOverrun,True,CWE-787,"[CWE-787] The function decrements the guard pointer before accessing guard->size and guard->guard_space, which is an out-of-bounds access if mem points to the start of the Guard structure. This can lead to reading memory before the allocated buffer, potentially causing information disclosure or a crash.",LLM_ANALYSIS,218-225
tests\unity\extras\fixture\src\unity_fixture.c,UnityPointer_Set,True,CWE-476,"[CWE-476] The function does not validate the 'pointer' argument for NULL before dereferencing it. If 'pointer' is NULL, the dereference '*pointer' will cause a NULL pointer dereference, leading to a crash or undefined behavior.",LLM_ANALYSIS,322-335
tests\unity\extras\fixture\src\unity_fixture.c,unity_calloc,True,CWE-190,"[CWE-190] Integer overflow in multiplication num * size can lead to a small allocation followed by a large memset, causing a buffer overflow. The product should be checked for overflow before allocation, or use calloc which handles overflow safely.",LLM_ANALYSIS,260-266
tests\unity\extras\fixture\src\unity_fixture.c,UnityGetCommandLineOptions,False,,"The function parses command-line arguments but does not validate the length of the string for the '-r' option. It uses a while loop that reads characters from argv[i] without checking for the null terminator, which is safe in C as long as the string is null-terminated.",LLM_ANALYSIS,347-407
tests\unity\extras\fixture\src\unity_fixture.c,UnityPointer_UndoAllSets,True,CWE-787,"[CWE-787] The function dereferences pointers stored in the pointer_store array without verifying that they are valid (non-NULL, properly aligned, and within allocated memory). This can lead to arbitrary memory write if the pointer values are corrupted or uninitialized, potentially causing memory corruption, a",LLM_ANALYSIS,337-345
tests\unity\extras\fixture\src\unity_fixture.c,UnityConcludeFixtureTest,False,,"No security vulnerability detected. The function only updates test counters and prints status messages based on test state, with no memory operations, input handling, or external interactions that could introduce security issues.",LLM_ANALYSIS,409-432
tests\unity\extras\fixture\test\unity_output_Spy.c,UnityOutputCharSpy_Create,False,,"The function allocates a buffer of size 'size' which is derived from the input parameter 's'. If 's' is negative, 'size' is set to 0, and malloc(0) may return a non-NULL pointer or NULL depending on the implementation.",LLM_ANALYSIS,20-28
tests\unity\extras\fixture\test\unity_output_Spy.c,UnityOutputCharSpy_Enable,False,,The function simply assigns an integer value to a global variable. No security vulnerability detected.,LLM_ANALYSIS,54-57
tests\unity\extras\fixture\test\main\AllTests.c,main,False,,"The function simply forwards arguments to UnityMain, which is a standard test runner pattern. No security vulnerability detected in this code snippet.",LLM_ANALYSIS,18-21
tests\unity\extras\fixture\test\main\AllTests.c,runAllTests,False,,The function appears to be a test runner that invokes test groups. No security vulnerabilities detected.,LLM_ANALYSIS,10-16
tests\unity\src\unity.c,UNITY_OUTPUT_CHAR,False,,The provided code snippet is incomplete and contains only a function declaration and a preprocessor directive. There is no executable code to analyze for security vulnerabilities.,LLM_ANALYSIS,13-14
tests\unity\extras\fixture\test\unity_output_Spy.c,UnityOutputCharSpy_OutputChar,True,CWE-787,"[CWE-787] The function writes to a buffer without checking if the buffer is properly initialized or if the index 'count' is within bounds. The condition 'count < (size-1)' prevents overflow, but if 'size' is 0 or negative, or if 'buffer' is NULL, it could lead to memory corruption.",LLM_ANALYSIS,36-47
tests\unity\extras\fixture\test\unity_output_Spy.c,UnityOutputCharSpy_Destroy,True,CWE-415,"[CWE-415] The function calls free(buffer) without checking if buffer is NULL or if it has been previously freed. If buffer is not initialized or has already been freed, this can lead to a double-free vulnerability (CWE-415) or freeing an invalid pointer (CWE-590).",LLM_ANALYSIS,30-34
tests\unity\src\unity.c,UnityPrintNumberByStyle,False,,The function does not appear to have a direct security vulnerability. It performs bitwise operations and type casts that are safe in the given context.,LLM_ANALYSIS,157-173
tests\unity\src\unity.c,UnityPrint,True,CWE-125,"[CWE-125] The function contains a potential out-of-bounds read in the ANSI escape code handling block. When *pch == 27 and *(pch + 1) == '[', the inner while loop increments pch until it finds 'm' or the end of the string.",LLM_ANALYSIS,70-117
tests\unity\src\unity.c,UnityPrintLen,False,,"The function checks that pch is not NULL and that the loop condition (pch - string) < length ensures the loop does not read beyond the provided string buffer. However, the function assumes that the string is null-terminated within the given length.",LLM_ANALYSIS,119-154
tests\unity\src\unity.c,UnityPrintNumber,True,CWE-190,"[CWE-190] The code contains an integer overflow vulnerability when negating the minimum negative value. If number_to_print is the minimum value for a signed integer (e.g., INT_MIN), the expression -number_to_print causes undefined behavior (signed integer overflow), which can lead to incorrect output or other",LLM_ANALYSIS,176-187
tests\unity\src\unity.c,UnityPrintNumberUnsigned,False,,The function does not appear to have a security vulnerability. It uses unsigned integer types (UNITY_UINT) and performs arithmetic operations that are safe for the given input.,LLM_ANALYSIS,191-207
tests\unity\src\unity.c,UnityPrintNumberHex,True,CWE-125,"[CWE-125] The function contains a potential out-of-bounds read vulnerability. The variable 'nibbles' is decremented in the while loop, but the loop condition checks 'nibbles > 0' after decrementing, causing the loop to execute one extra iteration when 'nibbles' becomes 0.",LLM_ANALYSIS,210-230
tests\unity\src\unity.c,UnityPrintMask,False,,"The function iterates over all bits of the mask and number, printing '1', '0', or 'X' for each bit. No security vulnerability is present.",LLM_ANALYSIS,233-257
tests\unity\src\unity.c,UnityPrintFloat,True,CWE-120,"[CWE-120] The function contains a buffer overflow vulnerability in the local buffer 'buf' of size 16. In the first loop that builds the digit string, the loop condition 'while (n != 0 || digits < decimals + 1)' can write more than 16 characters if 'decimals' is large (up to 9) and 'n' has many digits (up to 6",LLM_ANALYSIS,266-353
tests\unity\src\unity.c,UnityTestResultsFailBegin,False,,The function does not appear to contain security vulnerabilities. It only calls other functions and prints a colon character.,LLM_ANALYSIS,368-373
tests\unity\src\unity.c,UnityTestResultsBegin,False,,"The function prints file name, line number, and test name using Unity's print functions. No obvious security vulnerability such as buffer overflow, format string, or injection is present.",LLM_ANALYSIS,357-365
tests\unity\src\unity.c,UnityConcludeTest,False,,"No security vulnerability detected. The function manipulates global test state and performs output operations without any obvious memory safety, injection, or logic flaws.",LLM_ANALYSIS,376-396
tests\unity\src\unity.c,UnityPrintExpectedAndActualStrings,False,,"The function does not directly exhibit a security vulnerability. It prints strings using UnityPrint, which likely handles null-terminated strings safely.",LLM_ANALYSIS,422-446
tests\unity\src\unity.c,UnityDoublesWithin,False,,The function appears to be a test assertion wrapper that checks if 'actual' is within 'delta' of 'expected'. The macro UNITY_FLOAT_OR_DOUBLE_WITHIN is likely from the Unity test framework and handles floating-point comparisons.,LLM_ANALYSIS,836-840
tests\unity\src\unity.c,UnityAddMsgIfSpecified,False,,The function checks for NULL before using msg and the UnityPrint function is assumed to handle its input safely. No obvious memory safety or injection vulnerability is present in this code snippet.,LLM_ANALYSIS,399-419
tests\unity\src\unity.c,UnityFloatsWithin,False,,The function appears to be a test assertion wrapper that calculates the difference between expected and actual values and checks it against a delta threshold. No security vulnerability is evident in the provided code snippet.,LLM_ANALYSIS,706-710
tests\unity\src\unity.c,UnityIgnore,False,,"The function does not appear to contain security vulnerabilities. It checks for NULL before using msg, and the operations are standard output and control flow macros.",LLM_ANALYSIS,1314-1327
tests\unity\src\unity.c,UnityEnd,False,,The function appears to be part of a unit testing framework (Unity) and does not contain obvious security vulnerabilities. It prints test results and returns the number of failures.,LLM_ANALYSIS,1365-1392
tests\unity\test\expectdata\testsample_cmd.c,resetTest,False,,The function simply calls tearDown() and setUp() in sequence. No security vulnerability is apparent in this code snippet.,LLM_ANALYSIS,44-48
tests\unity\src\unity.c,UnityFail,False,,"The function does not appear to contain a security vulnerability. It checks msg for NULL before dereferencing, and the only string operation is UnityPrint which is assumed to handle null-terminated strings safely.",LLM_ANALYSIS,1280-1311
tests\unity\test\expectdata\testsample_def.c,resetTest,False,,The function simply calls tearDown() and setUp() in sequence. No security vulnerability is apparent in this code snippet.,LLM_ANALYSIS,40-44
tests\unity\src\unity.c,UnityDefaultTestRun,False,,"No security vulnerability detected. The function appears to be a test harness wrapper that calls setup, the test function, and teardown within protection macros.",LLM_ANALYSIS,1330-1346
tests\unity\test\expectdata\testsample_head1.c,resetTest,False,,The function simply calls tearDown() and setUp() in sequence. No security vulnerability is apparent in this code snippet.,LLM_ANALYSIS,38-42
tests\unity\src\unity.c,UnityParseOptions,True,CWE-125,"[CWE-125] The function does not validate that argv[i] has at least two characters before accessing argv[i][1]. If an argument is exactly '-' (a single dash), argv[i][1] reads beyond the string's null terminator, causing an out-of-bounds read.",LLM_ANALYSIS,1403-1457
tests\unity\src\unity.c,UnityBegin,False,,"The function assigns the filename pointer to a global variable and initializes several test-related variables. No memory allocation, dereferencing, or arithmetic is performed on the filename, and no security vulnerability is apparent.",LLM_ANALYSIS,1349-1362
tests\unity\src\unity.c,IsStringInBiggerString,False,,The function does not appear to have a direct memory safety vulnerability such as buffer overflow or out-of-bounds access. It only reads from the input strings and does not write to any buffer.,LLM_ANALYSIS,1459-1498
tests\unity\src\unity.c,UnityStringArgumentMatches,True,CWE-125,"[CWE-125] The function reads from the input string 'str' without any bounds checking. It increments pointers and dereferences them in loops, which can lead to out-of-bounds reads if the string is not properly null-terminated or if the logic causes the pointer to advance past the end of the string.",LLM_ANALYSIS,1500-1547
tests\unity\test\expectdata\testsample_cmd.c,main,False,,"The function appears to be a test runner using Unity test framework. It calls RUN_TEST macros with test function names and line numbers, and returns the result of UnityEnd().",LLM_ANALYSIS,52-61
tests\unity\src\unity.c,UnityTestMatches,False,,"The function does not contain any obvious security vulnerabilities. It performs simple string matching and conditional logic without any memory operations, input handling, or security-sensitive operations.",LLM_ANALYSIS,1549-1567
tests\unity\test\expectdata\testsample_mock_cmd.c,CMock_Init,False,,"The function simply calls Mockstanky_Init() with no user-controlled input, no memory operations, and no security-relevant behavior. No vulnerability identified.",LLM_ANALYSIS,46-49
tests\unity\test\expectdata\testsample_def.c,main,False,,"The function appears to be a test runner using Unity test framework. It calls RUN_TEST macros with test functions and line numbers, and returns the result of UnityEnd().",LLM_ANALYSIS,48-57
tests\unity\test\expectdata\testsample_head1.c,main,False,,The function appears to be a test runner that calls Unity test macros. No security vulnerabilities were detected in the provided code.,LLM_ANALYSIS,46-55
tests\unity\test\expectdata\testsample_mock_cmd.c,CMock_Verify,False,,The function simply calls Mockstanky_Verify() with no arguments and no return value handling. No obvious security vulnerability is present in this code snippet.,LLM_ANALYSIS,50-53
tests\unity\test\expectdata\testsample_mock_cmd.c,CMock_Destroy,False,,"The function simply calls Mockstanky_Destroy() with no arguments and no apparent security-relevant operations. Without additional context, no vulnerability is identified.",LLM_ANALYSIS,54-57
tests\unity\test\expectdata\testsample_mock_head1.c,CMock_Init,False,,"The function simply calls Mockstanky_Init() with no user-controlled input, no memory operations, and no security-relevant behavior. No vulnerability identified.",LLM_ANALYSIS,41-44
tests\unity\test\expectdata\testsample_mock_head1.c,CMock_Verify,False,,The function simply calls Mockstanky_Verify() with no arguments and no return value handling. No obvious security vulnerability is present in this code snippet.,LLM_ANALYSIS,45-48
tests\unity\test\expectdata\testsample_mock_head1.c,CMock_Destroy,False,,"The function simply calls Mockstanky_Destroy() with no arguments and no apparent security-relevant operations. Without additional context, no vulnerability is identified.",LLM_ANALYSIS,49-52
tests\unity\test\expectdata\testsample_mock_def.c,CMock_Verify,False,,The function simply calls Mockstanky_Verify() with no arguments and no apparent security-relevant operations. No vulnerability detected.,LLM_ANALYSIS,46-49
tests\unity\test\expectdata\testsample_mock_def.c,CMock_Init,False,,"The function simply calls Mockstanky_Init() with no user-controlled input, no memory operations, and no security-relevant behavior. No vulnerability identified.",LLM_ANALYSIS,42-45
tests\unity\test\expectdata\testsample_mock_cmd.c,main,False,,"The function appears to be a test harness using Unity and CMock. It does not contain obvious security vulnerabilities such as buffer overflows, memory leaks, or unsafe operations.",LLM_ANALYSIS,72-80
tests\unity\test\expectdata\testsample_mock_new1.c,CMock_Verify,False,,The function simply calls Mockstanky_Verify() with no arguments and no apparent security-relevant operations. No vulnerability detected.,LLM_ANALYSIS,59-62
tests\unity\test\expectdata\testsample_mock_new1.c,CMock_Destroy,False,,"The function simply calls Mockstanky_Destroy() with no arguments and no apparent security-relevant operations. Without additional context, no vulnerability is identified.",LLM_ANALYSIS,63-66
tests\unity\test\expectdata\testsample_mock_cmd.c,resetTest,False,,"The function appears to be a test setup/teardown sequence using CMock. It does not contain obvious security vulnerabilities such as buffer overflows, memory leaks, or unsafe operations.",LLM_ANALYSIS,61-68
tests\unity\test\expectdata\testsample_mock_new1.c,main,False,,"The function appears to be a test harness using Unity and CMock. It does not contain obvious security vulnerabilities such as buffer overflows, memory leaks, or unsafe operations.",LLM_ANALYSIS,81-89
tests\unity\test\expectdata\testsample_mock_new2.c,CMock_Init,False,,"The function simply calls Mockstanky_Init() with no user-controlled input, no memory operations, and no security-relevant behavior. No vulnerability identified.",LLM_ANALYSIS,42-45
tests\unity\test\expectdata\testsample_mock_new2.c,CMock_Verify,False,,The function simply calls Mockstanky_Verify() with no arguments and no apparent security-relevant operations. No vulnerability detected.,LLM_ANALYSIS,46-49
tests\unity\test\expectdata\testsample_mock_new2.c,CMock_Destroy,False,,"The function simply calls Mockstanky_Destroy() with no arguments and no apparent security-relevant operations. Without additional context, no vulnerability is identified.",LLM_ANALYSIS,50-53
tests\unity\test\expectdata\testsample_mock_def.c,CMock_Destroy,False,,"The function simply calls Mockstanky_Destroy() with no arguments and no apparent security-relevant operations. Without additional context, no vulnerability is identified.",LLM_ANALYSIS,50-53
tests\unity\test\expectdata\testsample_mock_def.c,resetTest,False,,"The function appears to be a test setup/teardown sequence using CMock. It does not contain obvious security vulnerabilities such as buffer overflows, memory leaks, or unsafe operations.",LLM_ANALYSIS,57-64
tests\unity\test\expectdata\testsample_mock_new2.c,resetTest,False,,"The function appears to be a test setup/teardown sequence using CMock. It does not contain obvious security vulnerabilities such as buffer overflows, memory leaks, or unsafe operations.",LLM_ANALYSIS,69-76
tests\unity\test\expectdata\testsample_mock_head1.c,resetTest,False,,"The function appears to be a test harness function that verifies and resets mock objects, then calls tearDown and setUp. No security vulnerability is evident in this code snippet.",LLM_ANALYSIS,56-63
tests\unity\test\expectdata\testsample_mock_param.c,CMock_Init,False,,"The function simply calls Mockstanky_Init() with no user-controlled input, no memory operations, and no security-relevant behavior. No vulnerability identified.",LLM_ANALYSIS,43-46
tests\unity\test\expectdata\testsample_mock_param.c,CMock_Verify,False,,The function simply calls Mockstanky_Verify() with no arguments and no apparent security-relevant operations. No vulnerability detected.,LLM_ANALYSIS,47-50
tests\unity\test\expectdata\testsample_mock_param.c,CMock_Destroy,False,,"The function simply calls Mockstanky_Destroy() with no arguments and no apparent security-relevant operations. Without additional context, no vulnerability is identified.",LLM_ANALYSIS,51-54
tests\unity\test\expectdata\testsample_mock_param.c,resetTest,False,,"The function appears to be a test harness function that verifies and resets mock objects, then calls tearDown and setUp. No security vulnerability is evident in this code snippet.",LLM_ANALYSIS,58-65
tests\unity\test\expectdata\testsample_mock_def.c,main,False,,"No security vulnerability detected in the provided function. The function appears to be a test harness that runs unit tests and cleans up memory, with no obvious security issues such as buffer overflows, injection, or unsafe memory handling.",LLM_ANALYSIS,68-76
tests\unity\test\expectdata\testsample_mock_new1.c,CMock_Init,False,,The function initializes global variables and calls Mockstanky_Init(). No security vulnerabilities detected.,LLM_ANALYSIS,52-58
tests\unity\test\expectdata\testsample_mock_run1.c,CMock_Verify,False,,The function simply calls Mockstanky_Verify() with no arguments and no apparent security-relevant operations. No vulnerability detected.,LLM_ANALYSIS,59-62
tests\unity\test\expectdata\testsample_mock_run1.c,CMock_Destroy,False,,"The function simply calls Mockstanky_Destroy() with no arguments and no apparent security-relevant operations. Without additional context, no vulnerability is identified.",LLM_ANALYSIS,63-66
tests\unity\test\expectdata\testsample_mock_run1.c,resetTest,False,,"The function appears to be a test harness function that verifies and resets mock objects, then calls tearDown and setUp. No security vulnerability is evident in this code snippet.",LLM_ANALYSIS,70-77
tests\unity\test\expectdata\testsample_mock_run1.c,main,False,,"No security vulnerability detected in the provided function. The function appears to be a test harness that runs unit tests and cleans up memory, with no obvious security issues such as buffer overflows, injection, or unsafe memory handling.",LLM_ANALYSIS,81-89
tests\unity\test\expectdata\testsample_mock_run2.c,CMock_Init,False,,"The function simply calls Mockstanky_Init() with no user-controlled input, no memory operations, and no security-relevant behavior. No vulnerability identified.",LLM_ANALYSIS,42-45
tests\unity\test\expectdata\testsample_mock_run2.c,CMock_Verify,False,,The function simply calls Mockstanky_Verify() with no arguments and no apparent security-relevant operations. No vulnerability detected.,LLM_ANALYSIS,46-49
tests\unity\test\expectdata\testsample_mock_run2.c,CMock_Destroy,False,,"The function simply calls Mockstanky_Destroy() with no arguments and no apparent security-relevant operations. Without additional context, no vulnerability is identified.",LLM_ANALYSIS,50-53
tests\unity\test\expectdata\testsample_mock_new1.c,resetTest,False,,"The function appears to be a test setup/teardown sequence using CMock mocking framework. It does not contain any obvious security vulnerabilities such as buffer overflows, use-after-free, or injection flaws.",LLM_ANALYSIS,70-77
tests\unity\test\expectdata\testsample_mock_head1.c,main,False,,"The function appears to be a test harness using Unity and CMock. It calls RUN_TEST with test functions and line numbers, then frees memory and returns UnityEnd().",LLM_ANALYSIS,67-75
tests\unity\test\expectdata\testsample_mock_run2.c,resetTest,False,,"The function appears to be a test setup/teardown sequence using CMock mocking framework. It does not contain any obvious security vulnerabilities such as buffer overflows, use-after-free, or injection flaws.",LLM_ANALYSIS,69-76
tests\unity\test\expectdata\testsample_mock_new2.c,suite_setup,False,,"The function is incomplete and does not contain any security-relevant operations. It only calls a_custom_setup() without any arguments or error handling, but no vulnerability can be identified from the provided code.",LLM_ANALYSIS,56-59
tests\unity\test\expectdata\testsample_mock_yaml.c,CMock_Init,False,,"The function simply calls Mockstanky_Init() with no user-controlled input, no memory operations, and no security-relevant behavior. No vulnerability identified.",LLM_ANALYSIS,49-52
tests\unity\test\expectdata\testsample_mock_yaml.c,CMock_Verify,False,,The function simply calls Mockstanky_Verify() with no arguments and no apparent security-relevant operations. No vulnerability detected.,LLM_ANALYSIS,53-56
tests\unity\test\expectdata\testsample_mock_yaml.c,CMock_Destroy,False,,"The function simply calls Mockstanky_Destroy() with no arguments and no apparent security-relevant operations. Without additional context, no vulnerability is identified.",LLM_ANALYSIS,57-60
tests\unity\test\expectdata\testsample_mock_new2.c,suite_teardown,False,,"The function is incomplete and does not contain any security-relevant operations. It only calls a custom teardown function and returns an integer implicitly (undefined behavior in C, but not a security vulnerability per se).",LLM_ANALYSIS,62-65
tests\unity\test\expectdata\testsample_mock_yaml.c,resetTest,False,,"The function appears to be a test setup/teardown sequence using CMock mocking framework. It does not contain any obvious security vulnerabilities such as buffer overflows, use-after-free, or injection flaws.",LLM_ANALYSIS,70-77
tests\unity\test\expectdata\testsample_mock_run1.c,CMock_Init,False,,The function initializes global variables and calls Mockstanky_Init(). No security vulnerabilities detected.,LLM_ANALYSIS,52-58
tests\unity\test\expectdata\testsample_new1.c,resetTest,False,,The function simply calls tearDown() and setUp() in sequence. No security vulnerability is apparent in this code snippet.,LLM_ANALYSIS,50-54
tests\unity\test\expectdata\testsample_new1.c,main,False,,The function appears to be a test runner that calls Unity test macros. No security vulnerabilities were detected in the provided code.,LLM_ANALYSIS,58-67
tests\unity\test\expectdata\testsample_new2.c,suite_setup,False,,"The function is incomplete and does not contain any security-relevant operations. It only calls a_custom_setup() without any arguments or error handling, but no vulnerability can be identified from the provided code.",LLM_ANALYSIS,39-42
tests\unity\test\expectdata\testsample_new2.c,suite_teardown,False,,"The function is incomplete and does not contain any security-relevant operations. It only calls a custom teardown function and returns an integer implicitly (undefined behavior in C, but not a security vulnerability per se).",LLM_ANALYSIS,45-48
tests\unity\test\expectdata\testsample_new2.c,resetTest,False,,The function simply calls tearDown() and setUp() in sequence. No security vulnerability is apparent in this code snippet.,LLM_ANALYSIS,52-56
tests\unity\test\expectdata\testsample_mock_param.c,main,False,,"No security vulnerability detected. The function appears to be a test harness using Unity and CMock, with no unsafe operations such as buffer overflows, memory leaks, or improper input handling.",LLM_ANALYSIS,69-77
tests\unity\test\expectdata\testsample_param.c,resetTest,False,,The function simply calls tearDown() and setUp() in sequence. No security vulnerability is apparent in this code snippet.,LLM_ANALYSIS,41-45
tests\unity\test\expectdata\testsample_mock_yaml.c,suite_setup,False,,"The function simply calls a_yaml_setup() without any obvious security vulnerability. However, the analysis is limited by the lack of context about a_yaml_setup() and the surrounding code.",LLM_ANALYSIS,63-66
tests\unity\test\expectdata\testsample_run1.c,resetTest,False,,The function simply calls tearDown() and setUp() in sequence. No security vulnerability is apparent in this code snippet.,LLM_ANALYSIS,50-54
tests\unity\test\expectdata\testsample_run1.c,main,False,,The function appears to be a test runner that calls Unity test macros. No security vulnerabilities were detected in the provided code.,LLM_ANALYSIS,58-67
tests\unity\test\expectdata\testsample_run2.c,suite_setup,False,,"The function is incomplete and does not contain any security-relevant operations. It only calls a_custom_setup() without any arguments or error handling, but no vulnerability can be identified from the provided code.",LLM_ANALYSIS,39-42
tests\unity\test\expectdata\testsample_run2.c,suite_teardown,False,,"The function is incomplete and does not contain any security-relevant operations. It only calls a custom teardown function and returns an integer implicitly (undefined behavior in C, but not a security vulnerability per se).",LLM_ANALYSIS,45-48
tests\unity\test\expectdata\testsample_run2.c,resetTest,False,,The function simply calls tearDown() and setUp() in sequence. No security vulnerability is apparent in this code snippet.,LLM_ANALYSIS,52-56
tests\unity\test\expectdata\testsample_new2.c,main,False,,"The function appears to be a test runner that calls setup, runs tests, and returns the result. No security vulnerabilities were identified in the provided code.",LLM_ANALYSIS,60-70
tests\unity\test\expectdata\testsample_yaml.c,suite_setup,False,,"The function simply calls a_yaml_setup() without any obvious security vulnerability. However, the analysis is limited by the lack of context about a_yaml_setup() and the surrounding code.",LLM_ANALYSIS,46-49
tests\unity\test\expectdata\testsample_yaml.c,resetTest,False,,The function simply calls tearDown() and setUp() in sequence. No security vulnerability is apparent in this code snippet.,LLM_ANALYSIS,53-57
tests\unity\test\expectdata\testsample_mock_new2.c,main,False,,"The function appears to be a test harness setup and teardown, with no obvious security vulnerabilities such as buffer overflows, injection, or unsafe memory handling. The calls to suite_setup, UnityBegin, RUN_TEST, CMock_Guts_MemFreeFinal, and suite_teardown are part of a unit testing framework and,",LLM_ANALYSIS,80-89
tests\unity\test\expectdata\testsample_mock_run2.c,suite_setup,False,,"The function is incomplete and does not contain any security-relevant operations. It only calls a_custom_setup() without any arguments or return value handling, which is not inherently vulnerable.",LLM_ANALYSIS,56-59
tests\unity\test\expectdata\testsample_mock_yaml.c,main,False,,"No security vulnerability detected. The function appears to be a test harness that initializes a test framework, runs tests, and cleans up memory.",LLM_ANALYSIS,81-90
tests\unity\test\expectdata\testsample_mock_run2.c,suite_teardown,False,,"The function is incomplete and does not contain any security-relevant operations. It only calls a custom teardown function, and the parameter num_failures is unused.",LLM_ANALYSIS,62-65
tests\unity\test\expectdata\testsample_param.c,main,False,,The function appears to be a test runner that calls RUN_TEST macros and UnityBegin/UnityEnd. No security vulnerabilities detected.,LLM_ANALYSIS,49-58
tests\unity\test\expectdata\testsample_mock_run2.c,main,False,,"No security vulnerability detected in the provided function. The code appears to be a test harness setup and execution, with no obvious memory safety, input validation, or other security issues.",LLM_ANALYSIS,80-89
tests\unity\test\testdata\testRunnerGenerator.c,tearDown,False,,The function simply sets a global variable to a constant value. No security vulnerability detected.,LLM_ANALYSIS,36-39
tests\unity\test\expectdata\testsample_run2.c,main,False,,"The function appears to be a test runner that calls setup, runs tests, and returns teardown result. No obvious security vulnerabilities detected.",LLM_ANALYSIS,60-70
tests\unity\test\testdata\testRunnerGenerator.c,test_OldSchoolCommentsShouldBeIgnored,False,,No security vulnerability detected. The function contains only a test assertion and no security-relevant operations.,LLM_ANALYSIS,52-55
tests\unity\test\expectdata\testsample_yaml.c,main,False,,The function appears to be a test runner that calls setup and executes test cases. No security vulnerabilities were identified in the provided code.,LLM_ANALYSIS,61-71
tests\unity\test\testdata\testRunnerGenerator.c,putcharSpy,False,,The function simply passes an integer to putchar() and discards the return value. No security vulnerability is present.,LLM_ANALYSIS,24-25
tests\unity\test\testdata\testRunnerGenerator.c,custom_setup,False,,The function simply assigns a constant value to a global variable. No security vulnerability detected.,LLM_ANALYSIS,41-44
tests\unity\test\testdata\testRunnerGenerator.c,custom_teardown,False,,The function simply assigns a constant value to a global variable. No security vulnerability detected.,LLM_ANALYSIS,46-49
tests\unity\test\testdata\testRunnerGenerator.c,setUp,False,,The function simply assigns a constant value to a global variable. No security vulnerability detected.,LLM_ANALYSIS,31-34
tests\unity\test\testdata\testRunnerGenerator.c,test_ThisTestAlwaysPasses,False,,"The function contains no security vulnerabilities. It simply calls TEST_PASS() with no arguments, no memory operations, no input handling, and no external interactions.",LLM_ANALYSIS,58-61
tests\unity\test\testdata\testRunnerGenerator.c,test_ThisTestAlwaysFails,False,,The function simply calls a test failure macro and does not perform any security-sensitive operations. No vulnerability detected.,LLM_ANALYSIS,63-66
tests\unity\test\testdata\testRunnerGenerator.c,qwiktest_ThisTestPassesWhenNoTeardownRan,False,,The function contains a test assertion that checks a counter value. No security vulnerability is present.,LLM_ANALYSIS,78-81
tests\unity\test\testdata\testRunnerGenerator.c,qwiktest_ThisTestPassesWhenNoSetupRan,False,,"The function contains a test assertion that checks a global variable 'CounterSetup' equals 0. This is a test verification, not a security-sensitive operation.",LLM_ANALYSIS,73-76
tests\unity\test\testdata\testRunnerGenerator.c,spec_ThisTestPassesWhenNormalSuiteSetupAndTeardownRan,False,,The function contains a test assertion that checks a global counter value. No security vulnerability is present.,LLM_ANALYSIS,83-86
tests\unity\test\testdata\testRunnerGenerator.c,test_ThisTestAlwaysIgnored,False,,The function contains a test ignore message and does not perform any security-sensitive operations. No vulnerabilities detected.,LLM_ANALYSIS,68-71
tests\unity\test\testdata\testRunnerGenerator.c,spec_ThisTestPassesWhenNormalTeardownRan,False,,The function contains a test assertion that checks a global counter value. No security vulnerability is present.,LLM_ANALYSIS,93-96
tests\unity\test\testdata\testRunnerGenerator.c,spec_ThisTestPassesWhenNormalSetupRan,False,,The function contains a test assertion that checks a global variable. No security vulnerability is present.,LLM_ANALYSIS,88-91
tests\unity\test\testdata\testRunnerGenerator.c,custtest_ThisTestPassesWhenCustomSetupRan,False,,The function contains a test assertion that checks a global variable 'CounterSetup' equals 2. No security vulnerability is present in this code snippet.,LLM_ANALYSIS,98-101
tests\unity\test\testdata\testRunnerGenerator.c,paratest_ShouldHandleNonParameterizedTestsWhenParameterizationValid,False,,"The function contains no security vulnerabilities. It simply calls TEST_PASS() with no arguments, no memory operations, no input handling, and no external interactions.",LLM_ANALYSIS,151-154
tests\unity\test\testdata\testRunnerGenerator.c,test_NotDisappearJustBecauseTheTestBeforeAndAfterHaveCrazyStrings,False,,"The function contains a test assertion that always evaluates to true. This is not a security vulnerability, but it may indicate a logic issue in test code.",LLM_ANALYSIS,120-123
tests\unity\test\testdata\testRunnerGenerator.c,custtest_ThisTestPassesWhenCustomTeardownRan,False,,The function contains a test assertion (TEST_ASSERT_EQUAL_MESSAGE) that checks a global counter value. This is a test utility function and does not appear to have security vulnerabilities.,LLM_ANALYSIS,103-106
tests\unity\test\testdata\testRunnerGenerator.c,should_RunTestsStartingWithShouldByDefault,False,,The function contains only a test assertion that always passes. No security vulnerabilities detected.,LLM_ANALYSIS,132-135
tests\unity\test\testdata\testRunnerGenerator.c,paratest_ShouldHandleParameterizedTests,False,,The function contains a test assertion that checks if the input is divisible by 5. No security vulnerability is present.,LLM_ANALYSIS,140-143
tests\unity\test\testdata\testRunnerGenerator.c,paratest_ShouldHandleParameterizedTests2,False,,The function contains a test assertion that checks if the input equals 7. No security vulnerability is present.,LLM_ANALYSIS,146-149
tests\unity\test\testdata\testRunnerGeneratorSmall.c,putcharSpy,False,,The function simply passes an integer to putchar() and discards the return value. No security vulnerability is present.,LLM_ANALYSIS,16-17
tests\unity\test\testdata\testRunnerGeneratorSmall.c,setUp,False,,The function simply assigns a constant value to a global variable. No security vulnerability detected.,LLM_ANALYSIS,23-26
tests\unity\test\testdata\testRunnerGeneratorSmall.c,tearDown,False,,The function simply sets a global variable to a constant value. No security vulnerability detected.,LLM_ANALYSIS,28-31
tests\unity\test\testdata\testRunnerGeneratorSmall.c,custom_setup,False,,The function simply assigns a constant value to a global variable. No security vulnerability detected.,LLM_ANALYSIS,33-36
tests\unity\test\testdata\testRunnerGeneratorSmall.c,custom_teardown,False,,The function simply assigns a constant value to a global variable. No security vulnerability detected.,LLM_ANALYSIS,38-41
tests\unity\test\testdata\testRunnerGeneratorSmall.c,test_ThisTestAlwaysPasses,False,,"The function contains no security vulnerabilities. It simply calls TEST_PASS() with no arguments, no memory operations, no input handling, and no external interactions.",LLM_ANALYSIS,43-46
tests\unity\test\testdata\testRunnerGeneratorSmall.c,test_ThisTestAlwaysFails,False,,The function simply calls a test failure macro and does not perform any security-sensitive operations. No vulnerability detected.,LLM_ANALYSIS,48-51
tests\unity\test\testdata\testRunnerGeneratorSmall.c,test_ThisTestAlwaysIgnored,False,,The function contains a test ignore message and does not perform any security-sensitive operations. No vulnerabilities detected.,LLM_ANALYSIS,53-56
tests\unity\test\testdata\testRunnerGeneratorSmall.c,spec_ThisTestPassesWhenNormalSetupRan,False,,The function contains a test assertion that checks a global variable. No security vulnerability is present.,LLM_ANALYSIS,58-61
tests\unity\test\testdata\testRunnerGeneratorSmall.c,spec_ThisTestPassesWhenNormalTeardownRan,False,,The function contains a test assertion that checks a global counter value. No security vulnerability is present.,LLM_ANALYSIS,63-66
tests\unity\test\testdata\testRunnerGeneratorWithMocks.c,putcharSpy,False,,The function simply passes an integer to putchar() and discards the return value. No security vulnerability is present.,LLM_ANALYSIS,25-26
tests\unity\test\testdata\testRunnerGeneratorWithMocks.c,setUp,False,,The function simply assigns a constant value to a global variable. No security vulnerability detected.,LLM_ANALYSIS,32-35
tests\unity\test\testdata\testRunnerGeneratorWithMocks.c,tearDown,False,,The function simply sets a global variable to a constant value. No security vulnerability detected.,LLM_ANALYSIS,37-40
tests\unity\test\testdata\testRunnerGeneratorWithMocks.c,custom_setup,False,,The function simply assigns a constant value to a global variable. No security vulnerability detected.,LLM_ANALYSIS,42-45
tests\unity\test\testdata\testRunnerGeneratorWithMocks.c,custom_teardown,False,,The function simply assigns a constant value to a global variable. No security vulnerability detected.,LLM_ANALYSIS,47-50
tests\unity\test\testdata\testRunnerGeneratorWithMocks.c,test_OldSchoolCommentsShouldBeIgnored,False,,No security vulnerability detected. The function contains only a test assertion and no security-relevant operations.,LLM_ANALYSIS,53-56
tests\unity\test\testdata\testRunnerGeneratorWithMocks.c,test_ThisTestAlwaysPasses,False,,"The function contains no security vulnerabilities. It simply calls TEST_PASS() with no arguments, no memory operations, no input handling, and no external interactions.",LLM_ANALYSIS,59-62
tests\unity\test\testdata\testRunnerGeneratorWithMocks.c,test_ThisTestAlwaysFails,False,,The function simply calls a test failure macro and does not perform any security-sensitive operations. No vulnerability detected.,LLM_ANALYSIS,64-67
tests\unity\test\testdata\testRunnerGeneratorWithMocks.c,test_ThisTestAlwaysIgnored,False,,The function contains a test ignore message and does not perform any security-sensitive operations. No vulnerabilities detected.,LLM_ANALYSIS,69-72
tests\unity\test\testdata\testRunnerGeneratorWithMocks.c,qwiktest_ThisTestPassesWhenNoSetupRan,False,,"The function contains a test assertion that checks a global variable 'CounterSetup' equals 0. This is a test verification, not a security-sensitive operation.",LLM_ANALYSIS,74-77
tests\unity\test\testdata\testRunnerGeneratorWithMocks.c,qwiktest_ThisTestPassesWhenNoTeardownRan,False,,The function contains a test assertion that checks a counter value. No security vulnerability is present.,LLM_ANALYSIS,79-82
tests\unity\test\testdata\testRunnerGeneratorWithMocks.c,spec_ThisTestPassesWhenNormalSuiteSetupAndTeardownRan,False,,The function contains a test assertion that checks a global counter value. No security vulnerability is present.,LLM_ANALYSIS,84-87
tests\unity\test\testdata\testRunnerGeneratorWithMocks.c,spec_ThisTestPassesWhenNormalSetupRan,False,,The function contains a test assertion that checks a global variable. No security vulnerability is present.,LLM_ANALYSIS,89-92
tests\unity\test\testdata\testRunnerGeneratorWithMocks.c,spec_ThisTestPassesWhenNormalTeardownRan,False,,The function contains a test assertion that checks a global counter value. No security vulnerability is present.,LLM_ANALYSIS,94-97
tests\unity\test\testdata\testRunnerGeneratorWithMocks.c,custtest_ThisTestPassesWhenCustomSetupRan,False,,The function contains a test assertion that checks a global variable 'CounterSetup' equals 2. No security vulnerability is present in this code snippet.,LLM_ANALYSIS,99-102
tests\unity\test\testdata\testRunnerGeneratorWithMocks.c,custtest_ThisTestPassesWhenCustomTeardownRan,False,,The function contains a test assertion (TEST_ASSERT_EQUAL_MESSAGE) that checks a global counter value. This is a test utility function and does not appear to have security vulnerabilities.,LLM_ANALYSIS,104-107
tests\unity\test\testdata\testRunnerGenerator.c,test_StillNotBeConfusedByLongComplicatedStrings,False,,"The function compares a string to itself using TEST_ASSERT_EQUAL_STRING_MESSAGE, which is a test assertion and does not introduce a security vulnerability. The string is a constant literal and no unsafe operations are performed.",LLM_ANALYSIS,125-130
tests\unity\test\testdata\testRunnerGeneratorWithMocks.c,test_NotDisappearJustBecauseTheTestBeforeAndAfterHaveCrazyStrings,False,,The function contains only a test assertion that always passes. No security vulnerabilities detected.,LLM_ANALYSIS,121-124
tests\unity\test\testdata\testRunnerGeneratorWithMocks.c,test_StillNotBeConfusedByLongComplicatedStrings,False,,"The function compares a string to itself using TEST_ASSERT_EQUAL_STRING_MESSAGE, which is a test assertion and does not introduce a security vulnerability. The string is a constant literal and no unsafe operations are performed.",LLM_ANALYSIS,126-131
tests\unity\test\testdata\testRunnerGeneratorWithMocks.c,should_RunTestsStartingWithShouldByDefault,False,,The function contains only a test assertion that always passes. No security vulnerabilities detected.,LLM_ANALYSIS,133-136
tests\unity\test\testdata\testRunnerGeneratorWithMocks.c,paratest_ShouldHandleParameterizedTests,False,,The function contains a test assertion that checks if the input is divisible by 5. No security vulnerability is present.,LLM_ANALYSIS,141-144
tests\unity\test\testdata\testRunnerGeneratorWithMocks.c,paratest_ShouldHandleParameterizedTests2,False,,The function contains a test assertion that checks if the input equals 7. No security vulnerability is present.,LLM_ANALYSIS,147-150
tests\unity\test\testdata\testRunnerGeneratorWithMocks.c,paratest_ShouldHandleNonParameterizedTestsWhenParameterizationValid,False,,"The function contains no security vulnerabilities. It simply calls TEST_PASS() with no arguments, no memory operations, no input handling, and no external interactions.",LLM_ANALYSIS,152-155
tests\unity\test\testdata\testRunnerGenerator.c,paratest_ShouldHandleParameterizedTestsThatFail,False,,The function contains a test assertion that checks if Num equals 3. This is not a security vulnerability; it is a test helper function.,LLM_ANALYSIS,157-160
tests\unity\test\testdata\testRunnerGenerator.c,main,False,,The function simply calls custom_main() and returns its result. No security vulnerability is apparent in this code snippet.,LLM_ANALYSIS,172-175
tests\unity\test\testdata\testRunnerGenerator.c,extest_ShouldHandleCExceptionInTest,False,,No security vulnerability detected. The function only contains a test assertion and does not handle untrusted input or perform any security-sensitive operations.,LLM_ANALYSIS,163-166
tests\unity\test\testdata\testRunnerGeneratorWithMocks.c,main,False,,The function simply calls custom_main() and returns its result. No security vulnerability is apparent in this code snippet.,LLM_ANALYSIS,173-176
tests\unity\test\testdata\testRunnerGenerator.c,test_NotBeConfusedByLongComplicatedStrings,False,,"The function compares a string with itself using TEST_ASSERT_EQUAL_STRING_MESSAGE, which is a test assertion and not a security-sensitive operation. No memory safety issues, buffer overflows, or other vulnerabilities are present.",LLM_ANALYSIS,113-118
tests\unity\test\testdata\testRunnerGenerator.c,suitetest_ThisTestPassesWhenCustomSuiteSetupAndTeardownRan,False,,"No security vulnerability detected. The function is a test assertion checking a global counter, which is not a security-sensitive operation.",LLM_ANALYSIS,178-181
tests\unity\test\tests\testparameterized.c,putcharSpy,False,,The function simply passes an integer to putchar() and discards the return value. No security vulnerability is present.,LLM_ANALYSIS,11-12
tests\unity\test\testdata\testRunnerGenerator.c,custom_main,False,,The provided code is only a function declaration with no implementation or body. There are no security vulnerabilities present in a forward declaration.,LLM_ANALYSIS,170-171
tests\unity\test\testdata\testRunnerGeneratorWithMocks.c,extest_ShouldHandleCExceptionInTest,False,,The function contains only a test assertion and does not perform any security-sensitive operations. No vulnerability detected.,LLM_ANALYSIS,164-167
tests\unity\test\testdata\testRunnerGeneratorWithMocks.c,test_NotBeConfusedByLongComplicatedStrings,False,,"The function compares a string with itself using TEST_ASSERT_EQUAL_STRING_MESSAGE, which is a test assertion macro. No security vulnerability is present.",LLM_ANALYSIS,114-119
tests\unity\test\testdata\testRunnerGeneratorWithMocks.c,test_ShouldCallMockInitAndVerifyFunctionsForEachTest,False,,"The function contains test assertions and does not appear to have security vulnerabilities. It only compares counters and values, with no memory operations, input handling, or external interactions that could introduce security issues.",LLM_ANALYSIS,184-191
tests\unity\test\testdata\testRunnerGeneratorWithMocks.c,paratest_ShouldHandleParameterizedTestsThatFail,False,,The function contains a test assertion that checks if Num equals 3. This is not a security vulnerability; it is a test helper function.,LLM_ANALYSIS,158-161
tests\unity\test\testdata\testRunnerGeneratorWithMocks.c,custom_main,False,,The provided code is only a forward declaration of a function with no implementation or usage. There are no security vulnerabilities in this snippet.,LLM_ANALYSIS,171-172
tests\unity\test\tests\testparameterized.c,setUp,False,,No security vulnerabilities detected. The function simply assigns zero to two global variables and performs no unsafe operations.,LLM_ANALYSIS,47-51
tests\unity\test\testdata\testRunnerGeneratorWithMocks.c,suitetest_ThisTestPassesWhenCustomSuiteSetupAndTeardownRan,False,,The function contains a test assertion that checks a global variable. No security vulnerability is present.,LLM_ANALYSIS,179-182
tests\unity\test\tests\testparameterized.c,test_NormalPassesStillWork,False,,The function contains only a test assertion and no security-relevant operations.,LLM_ANALYSIS,100-103
tests\unity\test\tests\testparameterized.c,tearDown,False,,"No security vulnerability detected. The function only performs conditional checks and prints messages; it does not handle untrusted input, perform unsafe memory operations, or expose security-sensitive functionality.",LLM_ANALYSIS,53-62
tests\unity\test\tests\testparameterized.c,test_TheseShouldAllPass,False,,"The function uses TEST_ASSERT_TRUE, which is a test assertion macro. In release builds, assertions are often compiled out, so the check 'Num < 100' would not be enforced.",LLM_ANALYSIS,67-70
tests\unity\test\tests\testparameterized.c,test_NormalFailsStillWork,False,,"The function contains test assertions and macros (EXPECT_ABORT_BEGIN, TEST_ASSERT_TRUE, VERIFY_FAILS_END) that are part of a unit testing framework. No security vulnerability is present.",LLM_ANALYSIS,105-110
tests\unity\test\tests\testparameterized.c,test_TheseShouldAllFail,False,,"The function contains an assertion that checks if Num > 100, but the assertion is not a security vulnerability. It is a test function that expects an abort when the assertion fails.",LLM_ANALYSIS,75-80
tests\unity\test\tests\testunity.c,getBufferPutcharSpy,False,,The function returns a pointer to a static buffer (putcharSpyBuffer) or NULL. No direct vulnerability is evident from the provided code.,LLM_ANALYSIS,3316-3324
tests\unity\test\tests\testunity.c,setUp,False,,No security vulnerability detected. The function simply assigns zero to two global variables and performs no unsafe operations.,LLM_ANALYSIS,60-64
tests\unity\test\tests\testunity.c,tearDown,False,,"The function contains test macros (TEST_FAIL_MESSAGE, TEST_IGNORE_MESSAGE) and uses global variables (SetToOneFailInTearDown, SetToOneMeanWeAlreadyCheckedThisGuy, Unity.CurrentTestFailed) that are not defined in the provided code. However, no direct security vulnerability such as buffer overflow, un",LLM_ANALYSIS,66-80
tests\unity\test\tests\testunity.c,testNotTrue,False,,"The function contains test assertions and macros (EXPECT_ABORT_BEGIN, TEST_ASSERT_TRUE, VERIFY_FAILS_END) that are part of a unit testing framework. No security vulnerability is present.",LLM_ANALYSIS,164-169
tests\unity\test\tests\testunity.c,testTrue,False,,The function contains only test assertions and no security-relevant operations. No vulnerabilities detected.,LLM_ANALYSIS,138-143
tests\unity\test\tests\testparameterized.c,test_TheseAreEveryOther,False,,"The function contains a logic error: when Num is odd, it asserts Num > 100, but the test expects an abort (EXPECT_ABORT_BEGIN/VERIFY_FAILS_END) only if the assertion fails. However, the assertion itself is not a vulnerability in the security sense; it is a test assertion.",LLM_ANALYSIS,86-98
tests\unity\test\tests\testunity.c,testFalse,False,,The function contains only test assertions that check for a false condition (0). No security vulnerabilities are present.,LLM_ANALYSIS,145-150
tests\unity\test\tests\testunity.c,testPassShouldEndImmediatelyWithPass,False,,"The function contains test assertions (TEST_PASS and TEST_FAIL_MESSAGE) but no security vulnerability. It simply passes a test and then fails with a message, which is a logic issue in test code, not a security flaw.",LLM_ANALYSIS,132-136
tests\unity\test\tests\testunity.c,testUnitySizeInitializationReminder,False,,The function compares the size of a local struct with the global Unity struct to ensure ABI compatibility. No security vulnerability is present.,LLM_ANALYSIS,82-130
tests\unity\test\tests\testunity.c,testPreviousPass,False,,The function only contains a test assertion and does not perform any security-sensitive operations. No vulnerability detected.,LLM_ANALYSIS,152-155
tests\unity\test\tests\testunity.c,testNotVanilla,False,,"The function contains test assertions and expected abort macros, which are part of a unit test framework. No security vulnerability is present.",LLM_ANALYSIS,157-162
tests\unity\test\tests\testunity.c,testFail,False,,The function appears to be a test helper that expects an abort or failure. No security vulnerability is evident.,LLM_ANALYSIS,192-197
tests\unity\test\tests\testunity.c,testNotFalse,False,,"The function contains test assertions and macros (EXPECT_ABORT_BEGIN, TEST_ASSERT_FALSE, VERIFY_FAILS_END) that are part of a unit testing framework. No security vulnerability is present.",LLM_ANALYSIS,171-176
tests\unity\test\tests\testunity.c,testNotNotEqual,False,,"The function contains test assertions that are expected to fail (EXPECT_ABORT_BEGIN/VERIFY_FAILS_END), which is a common pattern in unit testing frameworks. No security vulnerability is present.",LLM_ANALYSIS,185-190
tests\unity\test\tests\testunity.c,testIsNull,False,,"The function contains no security vulnerabilities. It initializes pointers and uses test assertions to check their null status, which is safe.",LLM_ANALYSIS,199-206
tests\unity\test\tests\testunity.c,testNotNullShouldFailIfNULL,False,,"The function uses a NULL pointer in a test assertion (TEST_ASSERT_NOT_NULL) which is expected to fail and is wrapped in EXPECT_ABORT_BEGIN/VERIFY_FAILS_END. This is a test pattern, not a vulnerability.",LLM_ANALYSIS,217-224
tests\unity\test\tests\testunity.c,testIsNullShouldFailIfNot,False,,"The function contains a test assertion that checks if a non-null pointer is NULL, which will fail and trigger an expected abort. This is a test case, not a security vulnerability.",LLM_ANALYSIS,208-215
tests\unity\test\tests\testunity.c,testNotUnless,False,,The function contains test assertions and does not perform any security-sensitive operations. No vulnerability detected.,LLM_ANALYSIS,178-183
tests\unity\test\tests\testunity.c,testIgnore,False,,"The function contains test macros (EXPECT_ABORT_BEGIN, TEST_IGNORE, TEST_FAIL_MESSAGE, VERIFY_IGNORES_END) that are part of a unit testing framework. No security vulnerability is present in the provided code.",LLM_ANALYSIS,226-232
tests\unity\test\tests\testunity.c,testNotEqualInt8s,False,,The function contains test assertions and does not perform any security-sensitive operations. No vulnerability detected.,LLM_ANALYSIS,249-254
tests\unity\test\tests\testunity.c,testNotEqualInts,False,,"The function contains a test assertion that is expected to fail (EXPECT_ABORT_BEGIN/VERIFY_FAILS_END), which is a normal testing pattern. No security vulnerability is present.",LLM_ANALYSIS,242-247
tests\unity\test\tests\testunity.c,testNotEqualInt16s,False,,"The function contains test assertions and macros (EXPECT_ABORT_BEGIN, TEST_ASSERT_EQUAL_INT16, VERIFY_FAILS_END) that are part of a unit testing framework. No security vulnerability is present.",LLM_ANALYSIS,256-261
tests\unity\test\tests\testunity.c,testNotEqualBits,False,,"The function contains test assertions and macros (EXPECT_ABORT_BEGIN, TEST_ASSERT_BITS, VERIFY_FAILS_END) that are part of a unit testing framework. No security vulnerability is present.",LLM_ANALYSIS,270-275
tests\unity\test\tests\testunity.c,testIgnoreMessage,False,,"No security vulnerability detected. The function uses test macros (EXPECT_ABORT_BEGIN, TEST_IGNORE_MESSAGE, TEST_FAIL_MESSAGE, VERIFY_IGNORES_END) which are part of a unit testing framework and are intended to test expected abort/ignore behavior.",LLM_ANALYSIS,234-240
tests\unity\test\tests\testunity.c,testNotEqualInt32s,False,,"The function contains a test assertion comparing -2147483647 and -2147483648, which are different values. The assertion will fail, but this is intentional in a test context (EXPECT_ABORT_BEGIN/VERIFY_FAILS_END) to verify that the test framework handles failures.",LLM_ANALYSIS,263-268
tests\unity\test\tests\testunity.c,testNotEqualUInts,False,,"The function contains no security vulnerabilities. It is a test function that uses Unity test framework macros to assert equality between two local variables, which will fail as expected.",LLM_ANALYSIS,277-287
tests\unity\test\tests\testunity.c,testNotEqualUInt32s,False,,The function compares two unsigned 32-bit integers (4294967295 and 4294967294) using TEST_ASSERT_EQUAL_UINT32. This is a test assertion that will fail because the values are not equal.,LLM_ANALYSIS,313-323
tests\unity\test\tests\testunity.c,testNotEqualUInt8s,False,,The function contains no security vulnerabilities. It is a test function that compares two unsigned 8-bit integers and expects an assertion failure.,LLM_ANALYSIS,289-299
tests\unity\test\tests\testunity.c,testNotEqualUInt16s,False,,"The function contains a test assertion that is expected to fail (EXPECT_ABORT_BEGIN/VERIFY_FAILS_END), which is a normal testing pattern. No security vulnerability is present.",LLM_ANALYSIS,301-311
tests\unity\test\tests\testunity.c,testNotEqualHex8s,False,,"The function contains no security vulnerabilities. It is a test function that compares two constant values and expects an assertion failure, which is a normal testing pattern.",LLM_ANALYSIS,325-335
tests\unity\test\tests\testunity.c,testNotEqualHex16s,False,,"The function contains a test assertion that is expected to fail (EXPECT_ABORT_BEGIN/VERIFY_FAILS_END), which is a normal testing pattern. No security vulnerability is present.",LLM_ANALYSIS,349-359
tests\unity\test\tests\testunity.c,testNotEqualHex8sIfSigned,False,,"The function contains a test assertion that is expected to fail (EXPECT_ABORT_BEGIN/VERIFY_FAILS_END), which is a normal testing pattern. No security vulnerability is present.",LLM_ANALYSIS,337-347
tests\unity\test\tests\testunity.c,testNotEqualHex16sIfSigned,False,,"The function contains no security vulnerabilities. It is a test function that compares two integer values and expects an assertion failure, which is a normal testing pattern.",LLM_ANALYSIS,361-371
tests\unity\test\tests\testunity.c,testNotEqualHex32s,False,,"The function contains a test assertion that compares two different values (900000 and 900001) and expects an abort. This is a test case, not a security vulnerability.",LLM_ANALYSIS,373-383
tests\unity\test\tests\testunity.c,testEqualInts,False,,"No security vulnerabilities detected. The function performs simple integer assignments and equality assertions with no unsafe operations, no external input, and no memory management issues.",LLM_ANALYSIS,397-415
tests\unity\test\tests\testunity.c,testEqualInt8s,False,,"No security vulnerabilities detected. The function performs simple integer comparisons and pointer dereferences with no unsafe operations, buffer accesses, or external inputs.",LLM_ANALYSIS,417-434
tests\unity\test\tests\testunity.c,testEqualInt16s,False,,"The function contains no security vulnerabilities. It performs simple integer assignments, pointer assignments, and equality assertions with constant values.",LLM_ANALYSIS,442-459
tests\unity\test\tests\testunity.c,testNotEqualHex32sIfSigned,False,,"The function contains a test assertion that is expected to fail (EXPECT_ABORT_BEGIN/VERIFY_FAILS_END), which is a normal testing pattern. No security vulnerability is present.",LLM_ANALYSIS,385-395
tests\unity\test\tests\testunity.c,testEqualInt32sNegatives,False,,"No security vulnerabilities detected. The function performs simple integer comparisons and pointer dereferences without any unsafe operations such as buffer access, memory management, or external input handling.",LLM_ANALYSIS,505-522
tests\unity\test\tests\testunity.c,testEqualInt32s,False,,"No security vulnerabilities detected. The function performs simple integer assignments and equality assertions with no external input, no memory management, and no unsafe operations.",LLM_ANALYSIS,486-503
tests\unity\test\tests\testunity.c,testEqualInt16sNegatives,False,,"No security vulnerabilities detected. The function performs simple integer comparisons and pointer dereferences with no external input, no memory allocation, no array indexing, and no potential for buffer overflows or other common CWE issues.",LLM_ANALYSIS,461-478
tests\unity\test\tests\testunity.c,testEqualInt16sWhenThereAreDifferencesOutside16Bits,False,,The function contains test assertions comparing integer literals. No security vulnerability is present.,LLM_ANALYSIS,480-484
tests\unity\test\tests\testunity.c,testEqualUints,False,,"No security vulnerabilities detected. The function performs only simple variable assignments, pointer dereferences, and equality assertions with constant values.",LLM_ANALYSIS,525-543
tests\unity\test\tests\testunity.c,testEqualInt8sWhenThereAreDifferencesOutside8Bits,False,,"The function contains test assertions comparing integer literals. The values 0x321 and 0x421 exceed the range of int8_t, and 0xFF21 and 0x0021 also exceed int8_t range.",LLM_ANALYSIS,436-440
tests\unity\test\tests\testunity.c,testEqualUint8s,False,,"No security vulnerabilities detected. The function performs simple equality assertions on local variables and pointers, with no external input, memory allocation, or unsafe operations.",LLM_ANALYSIS,546-563
tests\unity\test\tests\testunity.c,testEqualUint8sWhenThereAreDifferencesOutside8Bits,False,,"The function contains test assertions comparing integer literals, but no security vulnerability is present. The comparisons are compile-time constants and do not involve untrusted input, memory operations, or other security-relevant constructs.",LLM_ANALYSIS,565-569
tests\unity\test\tests\testunity.c,testEqualUint16s,False,,"No security vulnerabilities detected. The function performs simple equality assertions on local variables and pointers, with no external input, memory allocation, or unsafe operations.",LLM_ANALYSIS,571-588
tests\unity\test\tests\testunity.c,testNotEqual,False,,The function contains only test assertions comparing constant values. No security vulnerabilities were detected.,LLM_ANALYSIS,615-624
tests\unity\test\tests\testunity.c,testEqualHex8sNegatives,False,,"No security vulnerability detected. The function performs simple variable assignments and equality assertions with no unsafe operations, memory access issues, or input handling.",LLM_ANALYSIS,651-668
tests\unity\test\tests\testunity.c,testEqualUint32s,False,,The function contains only test assertions comparing constant values and variables. No security vulnerabilities were identified.,LLM_ANALYSIS,596-613
tests\unity\test\tests\testunity.c,testEqualHex8s,False,,"No security vulnerabilities detected. The function performs simple equality assertions on local variables and pointers, with no external input, memory allocation, or unsafe operations.",LLM_ANALYSIS,626-643
tests\unity\test\tests\testunity.c,testEqualHex8sWhenThereAreDifferencesOutside8Bits,False,,The function contains only test assertions comparing constant values. No security vulnerabilities detected.,LLM_ANALYSIS,645-649
tests\unity\test\tests\testunity.c,testEqualHex16s,False,,"No security vulnerabilities detected. The function performs simple variable assignments and equality assertions on local variables and pointers, with no external input, memory allocation, or unsafe operations.",LLM_ANALYSIS,670-687
tests\unity\test\tests\testunity.c,testEqualBits,False,,The function contains only test assertions and no security-relevant operations. No vulnerabilities detected.,LLM_ANALYSIS,714-728
tests\unity\test\tests\testunity.c,testEqualUint16sWhenThereAreDifferencesOutside16Bits,False,,"The function contains test assertions comparing integer literals. The first assertion compares 0x54321 with 0x64321, which are different values, and the second compares 0xFFFF4321 with 0x00004321, which are also different.",LLM_ANALYSIS,590-594
tests\unity\test\tests\testunity.c,testEqualHex16sWhenThereAreDifferencesOutside16Bits,False,,The function contains test assertions comparing hexadecimal values. No security vulnerability is present.,LLM_ANALYSIS,689-693
tests\unity\test\tests\testunity.c,testEqualHex32s,False,,"No security vulnerabilities detected. The function performs simple equality assertions on local variables and pointers, with no external input, memory allocation, or unsafe operations.",LLM_ANALYSIS,695-712
tests\unity\test\tests\testunity.c,testNotEqualBitHigh,False,,"The function appears to be a unit test using Unity test framework. It checks that TEST_ASSERT_BIT_HIGH(31, v0) fails (aborts) because bit 31 of v0 (0x7F55AA00) is 0, not 1.",LLM_ANALYSIS,730-737
tests\unity\test\tests\testunity.c,testNotEqualBitLow,False,,"The function appears to be a unit test using Unity test framework. It checks that TEST_ASSERT_BIT_LOW(30, v0) fails as expected (since bit 30 of 0xFF55AA00 is 1, not low).",LLM_ANALYSIS,739-746
tests\unity\test\tests\testunity.c,testNotEqualBitsHigh,False,,"The function contains test assertions and does not appear to have security vulnerabilities. It uses fixed constants and a test macro, with no external input, memory operations, or unsafe constructs.",LLM_ANALYSIS,748-757
tests\unity\test\tests\testunity.c,testEqualUShorts,False,,"No security vulnerabilities detected. The function performs simple variable assignments and equality assertions with no external input, no memory allocation, no pointer arithmetic, and no unsafe operations.",LLM_ANALYSIS,790-808
tests\unity\test\tests\testunity.c,testIntsWithinDeltaAndCustomMessage,False,,The function contains only test assertions with no security-relevant operations. No vulnerabilities detected.,LLM_ANALYSIS,885-895
tests\unity\test\tests\testunity.c,testEqualChars,False,,"No security vulnerabilities detected. The function performs simple variable assignments and assertions with no unsafe operations, no external input, and no memory management issues.",LLM_ANALYSIS,810-828
tests\unity\test\tests\testunity.c,testNotEqualBitsLow,False,,The function appears to be a unit test for a macro that checks if certain bits are low. No security vulnerability is evident.,LLM_ANALYSIS,759-767
tests\unity\test\tests\testunity.c,testIntsWithinDelta,False,,The function contains only test assertions with integer range checks. No security vulnerabilities detected.,LLM_ANALYSIS,873-883
tests\unity\test\tests\testunity.c,testEqualUChars,False,,No security vulnerabilities detected. The function performs simple variable assignments and assertions on local unsigned char variables.,LLM_ANALYSIS,830-847
tests\unity\test\tests\testunity.c,testEqualShorts,False,,"No security vulnerability detected. The function performs simple variable assignments, pointer assignments, and test assertions with no unsafe operations, buffer accesses, or memory management issues.",LLM_ANALYSIS,770-788
tests\unity\test\tests\testunity.c,testIntsNotWithinDelta,False,,The function contains test assertions and does not perform any security-sensitive operations. No vulnerability detected.,LLM_ANALYSIS,897-902
tests\unity\test\tests\testunity.c,testUIntsWithinDelta,False,,The function contains only test assertions with no security-relevant operations. No vulnerability detected.,LLM_ANALYSIS,911-916
tests\unity\test\tests\testunity.c,testUIntsWithinDeltaAndCustomMessage,False,,The function contains only test assertions with no security-relevant operations. No vulnerability detected.,LLM_ANALYSIS,918-923
tests\unity\test\tests\testunity.c,testEqualPointers,False,,"No security vulnerabilities detected. The function only performs pointer assignments and assertions on local variables, with no unsafe operations, memory access issues, or external inputs.",LLM_ANALYSIS,849-864
tests\unity\test\tests\testunity.c,testIntsNotWithinDeltaAndCustomMessage,False,,"The function contains test assertions and macros (EXPECT_ABORT_BEGIN, TEST_ASSERT_INT_WITHIN_MESSAGE, VERIFY_FAILS_END) that are part of a unit testing framework. No security vulnerability is present in the provided code.",LLM_ANALYSIS,904-909
tests\unity\test\tests\testunity.c,testNotEqualPointers,False,,"The function contains test assertions that compare two different pointer values (0x12345678 and 0x12345677). This is a deliberate test failure check, not a security vulnerability.",LLM_ANALYSIS,866-871
tests\unity\test\tests\testunity.c,testUIntsNotWithinDeltaAndCustomMessage,False,,The function contains test assertions and does not perform any security-sensitive operations. No vulnerability detected.,LLM_ANALYSIS,932-937
tests\unity\test\tests\testunity.c,testUIntsNotWithinDelta,False,,"The function contains test assertions and macros (EXPECT_ABORT_BEGIN, TEST_ASSERT_UINT_WITHIN, VERIFY_FAILS_END) that are part of a unit testing framework. No security vulnerability is present in the provided code.",LLM_ANALYSIS,925-930
tests\unity\test\tests\testunity.c,testUIntsNotWithinDeltaEvenThoughASignedIntWouldPassSmallFirstAndCustomMessage,False,,"The function contains test assertions and macros (EXPECT_ABORT_BEGIN, TEST_ASSERT_UINT_WITHIN_MESSAGE, VERIFY_FAILS_END) that are part of a unit testing framework. No security vulnerability is present in this code.",LLM_ANALYSIS,946-951
tests\unity\test\tests\testunity.c,testHEX32sWithinDelta,False,,The function contains only test assertions that check whether values are within a specified range. No security vulnerabilities were identified.,LLM_ANALYSIS,967-972
tests\unity\test\tests\testunity.c,testUIntsNotWithinDeltaEvenThoughASignedIntWouldPassSmallFirst,False,,"The function contains test assertions and macros (EXPECT_ABORT_BEGIN, TEST_ASSERT_UINT_WITHIN, VERIFY_FAILS_END) that are part of a unit testing framework. No security vulnerability is present in the provided code.",LLM_ANALYSIS,939-944
tests\unity\test\tests\testunity.c,testUIntsNotWithinDeltaEvenThoughASignedIntWouldPassBigFirst,False,,"The function contains test assertions and macros (EXPECT_ABORT_BEGIN, TEST_ASSERT_UINT_WITHIN, VERIFY_FAILS_END) that are part of a unit testing framework. No security vulnerability is present in this code snippet.",LLM_ANALYSIS,953-958
tests\unity\test\tests\testunity.c,testUIntsNotWithinDeltaEvenThoughASignedIntWouldPassBigFirstAndCustomMessage,False,,"The function contains test assertions and macros (EXPECT_ABORT_BEGIN, TEST_ASSERT_UINT_WITHIN_MESSAGE, VERIFY_FAILS_END) that are part of a unit testing framework. No security vulnerability is present in this code.",LLM_ANALYSIS,960-965
tests\unity\test\tests\testunity.c,testHEX32sWithinDeltaAndCustomMessage,False,,The function contains only test assertions with fixed values and no security-relevant operations. No vulnerability detected.,LLM_ANALYSIS,974-979
tests\unity\test\tests\testunity.c,testHEX32sNotWithinDelta,False,,"The function contains test assertions and macros (EXPECT_ABORT_BEGIN, TEST_ASSERT_HEX32_WITHIN, VERIFY_FAILS_END) that are part of a unit testing framework. No security vulnerability is present in the provided code.",LLM_ANALYSIS,981-986
tests\unity\test\tests\testunity.c,testHEX32sNotWithinDeltaEvenThoughASignedIntWouldPass,False,,"The function contains test assertions and macros (EXPECT_ABORT_BEGIN, TEST_ASSERT_HEX32_WITHIN, VERIFY_FAILS_END) that are part of a unit testing framework. No security vulnerability is present in this code.",LLM_ANALYSIS,995-1000
tests\unity\test\tests\testunity.c,testHEX16sWithinDeltaAndCustomMessage,False,,The function contains only test assertions with fixed values and no security-relevant operations. No vulnerabilities detected.,LLM_ANALYSIS,1016-1021
tests\unity\test\tests\testunity.c,testHEX32sNotWithinDeltaEvenThoughASignedIntWouldPassAndCustomMessage,False,,"The function contains test assertions and macros (EXPECT_ABORT_BEGIN, TEST_ASSERT_HEX32_WITHIN_MESSAGE, VERIFY_FAILS_END) that are part of a unit testing framework. No security vulnerability is present in this code snippet.",LLM_ANALYSIS,1002-1007
tests\unity\test\tests\testunity.c,testHEX32sNotWithinDeltaAndCustomMessage,False,,The function contains test assertions and does not perform any security-sensitive operations. No vulnerability detected.,LLM_ANALYSIS,988-993
tests\unity\test\tests\testunity.c,testHEX16sWithinDelta,False,,The function contains only test assertions with fixed values and no security-relevant operations. No vulnerability detected.,LLM_ANALYSIS,1009-1014
tests\unity\test\tests\testunity.c,testHEX16sWithinDeltaWhenThereAreDifferenceOutsideOf16BitsAndCustomMessage,False,,The function contains a test assertion that compares two hexadecimal values within a tolerance. No security vulnerability is present.,LLM_ANALYSIS,1028-1031
tests\unity\test\tests\testunity.c,testHEX16sWithinDeltaWhenThereAreDifferenceOutsideOf16Bits,False,,"The function contains a test assertion that checks if 0x44321 is within 5 units of 0x54321. This is a logic error in the test (the values differ by 0x10000, far outside the tolerance), but it is not a security vulnerability.",LLM_ANALYSIS,1023-1026
tests\unity\test\tests\testunity.c,testHEX16sNotWithinDelta,False,,"The function contains test assertions and macros (EXPECT_ABORT_BEGIN, TEST_ASSERT_HEX16_WITHIN, VERIFY_FAILS_END) that are part of a unit testing framework. No security vulnerability is present in this code.",LLM_ANALYSIS,1033-1038
tests\unity\test\tests\testunity.c,testHEX8sWithinDeltaWhenThereAreDifferenceOutsideOf8BitsAndCustomMessage,False,,"No security vulnerability detected. The function uses a test assertion macro with a custom message, which is a standard testing practice and does not introduce security issues.",LLM_ANALYSIS,1066-1069
tests\unity\test\tests\testunity.c,testHEX8sNotWithinDelta,False,,"The function contains test assertions and macros (EXPECT_ABORT_BEGIN, TEST_ASSERT_HEX8_WITHIN, VERIFY_FAILS_END) that are part of a unit testing framework. No security vulnerability is present in this code.",LLM_ANALYSIS,1071-1076
tests\unity\test\tests\testunity.c,testHEX8sWithinDelta,False,,The function contains only test assertions that check if a value is within a specified range. No security vulnerabilities were detected.,LLM_ANALYSIS,1047-1052
tests\unity\test\tests\testunity.c,testHEX16sNotWithinDeltaAndCustomMessage,False,,"The function contains test assertions and macros (EXPECT_ABORT_BEGIN, TEST_ASSERT_HEX16_WITHIN_MESSAGE, VERIFY_FAILS_END) that are part of a unit testing framework. No security vulnerability is present in the provided code.",LLM_ANALYSIS,1040-1045
tests\unity\test\tests\testunity.c,testHEX8sNotWithinDeltaAndCustomMessage,False,,"The function contains test assertions and macros (EXPECT_ABORT_BEGIN, TEST_ASSERT_HEX8_WITHIN_MESSAGE, VERIFY_FAILS_END) that are part of a unit testing framework. No security vulnerability is present in this code snippet.",LLM_ANALYSIS,1078-1083
tests\unity\test\tests\testunity.c,testHEX8sWithinDeltaAndCustomMessage,False,,The function contains only test assertions with constant values and no security-relevant operations. No vulnerability detected.,LLM_ANALYSIS,1054-1059
tests\unity\test\tests\testunity.c,testUINT32sWithinDelta,False,,The function contains only test assertions with fixed values and no security-relevant operations. No vulnerability detected.,LLM_ANALYSIS,1087-1092
tests\unity\test\tests\testunity.c,testUINT32sNotWithinDeltaAndCustomMessage,False,,The function contains test assertions and does not perform any security-sensitive operations. No vulnerability detected.,LLM_ANALYSIS,1108-1113
tests\unity\test\tests\testunity.c,testUINT32sNotWithinDeltaEvenThoughASignedIntWouldPassAndCustomMessage,False,,"The function contains test assertions and macros (EXPECT_ABORT_BEGIN, TEST_ASSERT_UINT32_WITHIN_MESSAGE, VERIFY_FAILS_END) that are part of a unit testing framework. No security vulnerability is present in the provided code.",LLM_ANALYSIS,1122-1127
tests\unity\test\tests\testunity.c,testUINT16sWithinDeltaAndCustomMessage,False,,The function contains only test assertions with fixed values and no security-relevant operations. No vulnerability detected.,LLM_ANALYSIS,1136-1141
tests\unity\test\tests\testunity.c,testUINT32sWithinDeltaAndCustomMessage,False,,The function contains only test assertions with no security-relevant operations. No vulnerabilities detected.,LLM_ANALYSIS,1094-1099
tests\unity\test\tests\testunity.c,testHEX8sWithinDeltaWhenThereAreDifferenceOutsideOf8Bits,False,,"The function contains a test assertion macro call, which is not a security vulnerability. It compares a value within a range, but no security-relevant issue is present.",LLM_ANALYSIS,1061-1064
tests\unity\test\tests\testunity.c,testUINT16sNotWithinDeltaAndCustomMessage,False,,"The function appears to be a test assertion macro usage, not a security-sensitive operation. No vulnerability detected.",LLM_ANALYSIS,1160-1165
tests\unity\test\tests\testunity.c,testUINT16sNotWithinDelta,False,,"The function contains test assertions and macros (EXPECT_ABORT_BEGIN, TEST_ASSERT_UINT16_WITHIN, VERIFY_FAILS_END) that are part of a unit testing framework. No security vulnerability is present in this code.",LLM_ANALYSIS,1153-1158
tests\unity\test\tests\testunity.c,testUINT8sWithinDelta,False,,The function contains only test assertions with constant values and no security-relevant operations. No vulnerability detected.,LLM_ANALYSIS,1167-1172
tests\unity\test\tests\testunity.c,testUINT16sWithinDeltaWhenThereAreDifferenceOutsideOf16Bits,False,,"The function contains a test assertion macro call. The arguments are constants and the assertion checks if 0x44321 is within 5 units of 0x54321, which is false.",LLM_ANALYSIS,1143-1146
tests\unity\test\tests\testunity.c,testUINT16sWithinDelta,False,,The function contains only test assertions with no security-relevant operations. No vulnerabilities detected.,LLM_ANALYSIS,1129-1134
tests\unity\test\tests\testunity.c,testUINT32sNotWithinDelta,False,,"The function contains test assertions and macros (EXPECT_ABORT_BEGIN, TEST_ASSERT_UINT32_WITHIN, VERIFY_FAILS_END) that are part of a unit testing framework. No security vulnerability is present in the provided code.",LLM_ANALYSIS,1101-1106
tests\unity\test\tests\testunity.c,testUINT16sWithinDeltaWhenThereAreDifferenceOutsideOf16BitsAndCustomMessage,False,,"The function contains a test assertion that compares two constants. The values 0x54321 and 0x44321 differ by 0x10000, which is outside the allowed tolerance of 5, so the assertion will fail.",LLM_ANALYSIS,1148-1151
tests\unity\test\tests\testunity.c,testUINT32sNotWithinDeltaEvenThoughASignedIntWouldPass,False,,"The function contains test assertions and macros (EXPECT_ABORT_BEGIN, TEST_ASSERT_UINT32_WITHIN, VERIFY_FAILS_END) that are part of a unit testing framework. The expression TEST_ASSERT_UINT32_WITHIN(5, 1, -1) passes -1 as an unsigned 32-bit value, which will be interpreted as 0xFFFFFFFF.",LLM_ANALYSIS,1115-1120
tests\unity\test\tests\testunity.c,testUINT8sWithinDeltaAndCustomMessage,False,,The function contains only test assertions with constant values and no security-relevant operations. No vulnerability detected.,LLM_ANALYSIS,1174-1179
tests\unity\test\tests\testunity.c,testUINT8sWithinDeltaWhenThereAreDifferenceOutsideOf8Bits,False,,"The function contains a test assertion that compares a value (0xF23) against an expected value (0x123) with a tolerance of 5. The values are outside the uint8_t range (0-255), which may cause truncation or unexpected behavior, but this is a test code issue, not a security vulnerability.",LLM_ANALYSIS,1181-1184
tests\unity\test\tests\testunity.c,testUINT8sWithinDeltaWhenThereAreDifferenceOutsideOf8BitsAndCustomMessage,False,,"The function contains a test assertion that compares a value (0xF23) against an expected range (0x123 ± 5). The values exceed the uint8_t range, but this is a test assertion and not a security vulnerability.",LLM_ANALYSIS,1186-1189
tests\unity\test\tests\testunity.c,testUINT8sNotWithinDelta,False,,"The function contains test assertions and macros (EXPECT_ABORT_BEGIN, TEST_ASSERT_UINT8_WITHIN, VERIFY_FAILS_END) that are part of a unit testing framework. No security vulnerability is present in the provided code.",LLM_ANALYSIS,1191-1196
tests\unity\test\tests\testunity.c,testINT32sWithinDeltaAndCustomMessage,False,,"The function contains a test assertion that checks if 5001 is within the range of 1 to 5000. This is a logic error in the test (the assertion will fail), but it is not a security vulnerability.",LLM_ANALYSIS,1212-1215
tests\unity\test\tests\testunity.c,testUINT8sNotWithinDeltaAndCustomMessage,False,,"The function contains test assertions and macros (EXPECT_ABORT_BEGIN, TEST_ASSERT_UINT8_WITHIN_MESSAGE, VERIFY_FAILS_END) that are part of a unit testing framework. No security vulnerability is present in this code.",LLM_ANALYSIS,1198-1203
tests\unity\test\tests\testunity.c,testINT32sWithinDelta,False,,The function contains only test assertions (TEST_ASSERT_INT32_WITHIN) that check if a value is within a specified range. These are standard unit test macros and do not introduce security vulnerabilities.,LLM_ANALYSIS,1205-1210
tests\unity\test\tests\testunity.c,testINT32sNotWithinDeltaAndCustomMessage,False,,"The function contains test assertions and macros (EXPECT_ABORT_BEGIN, TEST_ASSERT_INT32_WITHIN_MESSAGE, VERIFY_FAILS_END) that are part of a unit testing framework. No security vulnerability is present in the provided code.",LLM_ANALYSIS,1230-1235
tests\unity\test\tests\testunity.c,testINT32sNotWithinDelta,False,,"The function contains test assertions and macros (EXPECT_ABORT_BEGIN, TEST_ASSERT_INT32_WITHIN, VERIFY_FAILS_END) that are part of a unit testing framework. No security vulnerability is present.",LLM_ANALYSIS,1217-1222
tests\unity\test\tests\testunity.c,testINT16sWithinDelta,False,,"The function contains only test assertions with no security-relevant operations. The assertions check integer ranges but do not involve any memory access, input handling, or system interactions that could introduce vulnerabilities.",LLM_ANALYSIS,1237-1242
tests\unity\test\tests\testunity.c,testINT16sWithinDeltaAndCustomMessage,False,,"The function contains a test assertion that checks if 5001 is within 1 unit of 5000, which is true. No security vulnerability is present.",LLM_ANALYSIS,1244-1247
tests\unity\test\tests\testunity.c,testINT16sWithinDeltaWhenThereAreDifferenceOutsideOf16Bits,False,,The function contains a test assertion that compares two constant values. No security vulnerability is present.,LLM_ANALYSIS,1249-1252
tests\unity\test\tests\testunity.c,testINT16sWithinDeltaWhenThereAreDifferenceOutsideOf16BitsAndCustomMessage,False,,The function contains a test assertion that compares two integer values with a tolerance. No security vulnerability is present.,LLM_ANALYSIS,1254-1257
tests\unity\test\tests\testunity.c,testINT32sNotWithinDeltaAndDifferenceOverflows,False,,"The function contains test assertions and macros (EXPECT_ABORT_BEGIN, TEST_ASSERT_INT32_WITHIN, VERIFY_FAILS_END) that are part of a unit testing framework. No security vulnerability is present in this code.",LLM_ANALYSIS,1224-1229
tests\unity\test\tests\testunity.c,testINT8sWithinDelta,False,,The function contains only test assertions with constant values. No security vulnerabilities detected.,LLM_ANALYSIS,1273-1278
tests\unity\test\tests\testunity.c,testINT16sNotWithinDeltaAndCustomMessage,False,,"The function contains test assertions and macros (EXPECT_ABORT_BEGIN, TEST_ASSERT_INT16_WITHIN_MESSAGE, VERIFY_FAILS_END) that are part of a unit testing framework. No security vulnerability is present in this code.",LLM_ANALYSIS,1266-1271
tests\unity\test\tests\testunity.c,testINT8sWithinDeltaAndCustomMessage,False,,"The function contains a test assertion that checks if the value 4 is within 5 units of 1, which is true. No security vulnerability is present.",LLM_ANALYSIS,1280-1283
tests\unity\test\tests\testunity.c,testINT16sNotWithinDelta,False,,"The function contains test assertions and macros (EXPECT_ABORT_BEGIN, TEST_ASSERT_INT16_WITHIN, VERIFY_FAILS_END) that are part of a unit testing framework. No security vulnerabilities are present in this code.",LLM_ANALYSIS,1259-1264
tests\unity\test\tests\testunity.c,testINT8sWithinDeltaWhenThereAreDifferenceOutsideOf8Bits,False,,"The function contains a test assertion that compares an expected value (0x123) with an actual value (0xF23) within a tolerance of 5. The values are outside the tolerance, so the assertion will fail, but this is a test failure, not a security vulnerability.",LLM_ANALYSIS,1285-1288
tests\unity\test\tests\testunity.c,testINT8sNotWithinDelta,False,,"The function contains test assertions and macros (EXPECT_ABORT_BEGIN, TEST_ASSERT_INT8_WITHIN, VERIFY_FAILS_END) that are part of a unit testing framework. No security vulnerability is present in the provided code.",LLM_ANALYSIS,1295-1300
tests\unity\test\tests\testunity.c,testINT8sWithinDeltaWhenThereAreDifferenceOutsideOf8BitsAndCustomMessage,False,,"The function contains a test assertion that compares an expected value (0x123) with an actual value (0xF23) within a tolerance of 5. The values are outside the tolerance, so the assertion will fail, but this is a test failure, not a security vulnerability.",LLM_ANALYSIS,1290-1293
tests\unity\test\tests\testunity.c,testINT8sNotWithinDeltaAndCustomMessage,False,,"The function contains test assertions and macros (EXPECT_ABORT_BEGIN, TEST_ASSERT_INT8_WITHIN_MESSAGE, VERIFY_FAILS_END) that are part of a unit testing framework. No security vulnerability is present in this code.",LLM_ANALYSIS,1302-1307
tests\unity\test\tests\testunity.c,testGreaterThan,False,,"No security vulnerability detected. The function performs simple integer comparisons and pointer dereferences without any unsafe operations such as buffer access, memory allocation, or external input handling.",LLM_ANALYSIS,1311-1325
tests\unity\test\tests\testunity.c,testGreaterThanINT,False,,"No security vulnerabilities detected. The function performs simple integer comparisons and pointer dereferences without any unsafe operations such as buffer access, memory allocation, or external input handling.",LLM_ANALYSIS,1327-1341
tests\unity\test\tests\testunity.c,testGreaterThanINT8,False,,"The function compares signed 8-bit integers using TEST_ASSERT_GREATER_THAN_INT8. The values -128 and 127 are within the valid range for signed 8-bit integers, and the comparisons are straightforward.",LLM_ANALYSIS,1344-1358
tests\unity\test\tests\testunity.c,testGreaterThanINT16,False,,The function compares signed 16-bit integers using TEST_ASSERT_GREATER_THAN_INT16. The values -32768 and 32767 are within the valid range for UNITY_INT16 (assuming it is a signed 16-bit type).,LLM_ANALYSIS,1360-1374
tests\unity\test\tests\testunity.c,testGreaterThanUINT16,False,,"The function compares two unsigned 16-bit integers using TEST_ASSERT_GREATER_THAN_UINT16. The values are 0 and 65535, and the assertions check if the first argument is greater than the second.",LLM_ANALYSIS,1425-1439
tests\unity\test\tests\testunity.c,testGreaterThanHEX8,False,,"No security vulnerability found. The function performs simple comparisons on unsigned 8-bit values and pointers, with no memory safety issues, input handling, or security-relevant operations.",LLM_ANALYSIS,1457-1471
tests\unity\test\tests\testunity.c,testGreaterThanINT32,True,CWE-190,"[CWE-190] The code contains integer overflow vulnerabilities due to the use of values that exceed the range of a 32-bit signed integer. Specifically, -214783648 is less than the minimum value for a 32-bit signed integer (-2147483648), and 214783647 is greater than the maximum value (2147483647).",LLM_ANALYSIS,1376-1390
tests\unity\test\tests\testunity.c,testGreaterThanUINT,False,,The function contains no security vulnerabilities. It initializes two unsigned integers and compares them using Unity test assertions.,LLM_ANALYSIS,1392-1406
tests\unity\test\tests\testunity.c,testGreaterThanUINT32,False,,"The function contains a logic error in the test assertions: it asserts that v0 (0) is greater than v1 (4294967295), which is false. This is not a security vulnerability but a correctness issue in the test code.",LLM_ANALYSIS,1441-1455
tests\unity\test\tests\testunity.c,testGreaterThanUINT8,False,,"The function contains assertions that compare values using TEST_ASSERT_GREATER_THAN_UINT8. The comparisons are logically incorrect: v0=0, v1=255, so v0 is not greater than v1.",LLM_ANALYSIS,1409-1423
tests\unity\test\tests\testunity.c,testGreaterThanHEX32,False,,"No security vulnerability detected. The function performs comparisons on unsigned 32-bit integers and pointers to them, with no memory safety issues, no undefined behavior, and no security-relevant operations.",LLM_ANALYSIS,1489-1503
tests\unity\test\tests\testunity.c,testGreaterThanHEX16,False,,"No security vulnerability found. The code performs simple comparisons of unsigned 16-bit integers and pointers to them, with no memory safety issues, no input handling, and no security-relevant operations.",LLM_ANALYSIS,1473-1487
tests\unity\test\tests\testunity.c,testNotGreaterThan,False,,"The function contains test assertions and macros (EXPECT_ABORT_BEGIN, TEST_ASSERT_GREATER_THAN, VERIFY_FAILS_END) that are part of a unit testing framework. No security vulnerability is present in this code.",LLM_ANALYSIS,1506-1511
tests\unity\test\tests\testunity.c,testLessThan,False,,"The function compares signed integer values using TEST_ASSERT_LESS_THAN, which is a test assertion macro. The values are initialized to 0 and -1, and the comparisons are straightforward.",LLM_ANALYSIS,1513-1527
tests\unity\test\tests\testunity.c,testLessThanINT,False,,The function compares two integer values using TEST_ASSERT_LESS_THAN_INT. The assertion checks if the first argument is less than the second.,LLM_ANALYSIS,1529-1543
tests\unity\test\tests\testunity.c,testLessThanINT16,False,,The function compares signed 16-bit integers using TEST_ASSERT_LESS_THAN_INT16. The values 32767 and -32768 are within the range of UNITY_INT16 (assuming it is a signed 16-bit type).,LLM_ANALYSIS,1562-1576
tests\unity\test\tests\testunity.c,testLessThanINT32,False,,"The function uses TEST_ASSERT_LESS_THAN_INT32 with arguments that may be evaluated in an unsafe order or with side effects, but the main issue is that the macro may evaluate arguments multiple times, leading to undefined behavior if the arguments have side effects. However, in this specific code, v0",LLM_ANALYSIS,1578-1592
tests\unity\test\tests\testunity.c,testLessThanUINT8,False,,"The function contains a logic error in the test assertions: TEST_ASSERT_LESS_THAN_UINT8(v0, v1) asserts that v0 (255) is less than v1 (0), which is false. This is not a security vulnerability but a test logic error.",LLM_ANALYSIS,1611-1625
tests\unity\test\tests\testunity.c,testLessThanUINT,False,,"The function uses TEST_ASSERT_LESS_THAN_UINT macro which compares two unsigned integers. The arguments are v0=1 and v1=0, so the assertion checks if 1 < 0, which is false.",LLM_ANALYSIS,1594-1608
tests\unity\test\tests\testunity.c,testLessThanINT8,False,,"The function compares signed 8-bit integers using TEST_ASSERT_LESS_THAN_INT8. The values 127 and -128 are within the valid range for signed 8-bit integers, and the comparisons are straightforward.",LLM_ANALYSIS,1546-1560
tests\unity\test\tests\testunity.c,testLessThanUINT16,False,,The function uses TEST_ASSERT_LESS_THAN_UINT16 with arguments that are not in the expected order. The macro likely checks if the first argument is less than the second.,LLM_ANALYSIS,1627-1641
tests\unity\test\tests\testunity.c,testLessThanUINT32,False,,"The function compares unsigned 32-bit values using TEST_ASSERT_LESS_THAN_UINT32. The comparisons are: 4294967295 < 0, 4294967295 < 0, 4294967295 < 0, and 4294967295 < 0.",LLM_ANALYSIS,1643-1657
tests\unity\test\tests\testunity.c,testEqualStrings,False,,The function contains only test assertions comparing string literals and a constant string pointer. No security vulnerabilities detected.,LLM_ANALYSIS,1718-1727
tests\unity\test\tests\testunity.c,testLessThanHEX8,False,,"The function compares values using TEST_ASSERT_LESS_THAN_HEX8, which expects the first argument to be less than the second. Here, v0=0xFF and v1=0x00, so all comparisons are false (0xFF is not less than 0x00).",LLM_ANALYSIS,1659-1673
tests\unity\test\tests\testunity.c,testNotLessThan,False,,"The function contains test assertions and macros (EXPECT_ABORT_BEGIN, TEST_ASSERT_LESS_THAN, VERIFY_FAILS_END) that are part of a unit testing framework. No security vulnerability is present.",LLM_ANALYSIS,1708-1713
tests\unity\test\tests\testunity.c,testEqualStringsWithCarriageReturnsAndLineFeeds,False,,The function contains only test assertions comparing string literals and a constant string. No security vulnerabilities detected.,LLM_ANALYSIS,1739-1748
tests\unity\test\tests\testunity.c,testEqualStringsLen,False,,"The function uses TEST_ASSERT_EQUAL_STRING_LEN macros with string literals and pointers. The comparisons are safe because the lengths specified (3, 5, and strlen(testString)) are within the bounds of the compared strings.",LLM_ANALYSIS,1729-1737
tests\unity\test\tests\testunity.c,testLessThanHEX16,False,,The function uses TEST_ASSERT_LESS_THAN_HEX16 to compare values. The macro likely checks if the first argument is less than the second.,LLM_ANALYSIS,1675-1689
tests\unity\test\tests\testunity.c,testNotEqualString1,False,,"The function contains test assertions and macros (EXPECT_ABORT_BEGIN, TEST_ASSERT_EQUAL_STRING, VERIFY_FAILS_END) that are part of a unit testing framework. No security vulnerability is present in this code.",LLM_ANALYSIS,1750-1755
tests\unity\test\tests\testunity.c,testLessThanHEX32,False,,"The function uses TEST_ASSERT_LESS_THAN_HEX32 with arguments that may be interpreted as unsigned 32-bit values. The comparison v0 (0xFFFFFFFF) < v1 (0x00000000) is false, which will cause the assertion to fail.",LLM_ANALYSIS,1691-1705
tests\unity\test\tests\testunity.c,testNotEqualString2,False,,"The function contains test assertions and macros (EXPECT_ABORT_BEGIN, TEST_ASSERT_EQUAL_STRING, VERIFY_FAILS_END) that are part of a unit testing framework. No security vulnerability is present in this code.",LLM_ANALYSIS,1764-1769
tests\unity\test\tests\testunity.c,testNotEqualStringLen1,False,,"The function uses test assertion macros (EXPECT_ABORT_BEGIN, TEST_ASSERT_EQUAL_STRING_LEN, VERIFY_FAILS_END) which are part of a unit testing framework. The comparison of 'foobar' and 'foobaz' with length 6 is expected to fail, and the test verifies that the assertion triggers an abort.",LLM_ANALYSIS,1757-1762
tests\unity\test\tests\testunity.c,testNotEqualString4,False,,"The function contains test assertions that compare strings with different line endings (CR vs LF). This is a test logic issue, not a security vulnerability.",LLM_ANALYSIS,1792-1797
tests\unity\test\tests\testunity.c,testNotEqualStringLen3,False,,"The function contains test assertions and macros (EXPECT_ABORT_BEGIN, TEST_ASSERT_EQUAL_STRING_LEN, VERIFY_FAILS_END) that are part of a unit testing framework. No security vulnerability is present in this code snippet.",LLM_ANALYSIS,1785-1790
tests\unity\test\tests\testunity.c,testNotEqualStringLen2,False,,"The function contains test assertions and macros (EXPECT_ABORT_BEGIN, TEST_ASSERT_EQUAL_STRING_LEN, VERIFY_FAILS_END) that are part of a unit testing framework. No security vulnerability is present in this code.",LLM_ANALYSIS,1771-1776
tests\unity\test\tests\testunity.c,testNotEqualString3,False,,"The function contains test assertions and macros (EXPECT_ABORT_BEGIN, TEST_ASSERT_EQUAL_STRING, VERIFY_FAILS_END) that are part of a unit testing framework. No security vulnerability is present in this code.",LLM_ANALYSIS,1778-1783
tests\unity\test\tests\testunity.c,testNotEqualStringLen4,False,,The function contains test assertions and does not perform any security-sensitive operations. No vulnerability detected.,LLM_ANALYSIS,1799-1804
tests\unity\test\tests\testunity.c,testNotEqualString5,False,,"The function compares two fixed-size character arrays using TEST_ASSERT_EQUAL_STRING, which is a test assertion macro. The arrays are properly null-terminated and of equal size.",LLM_ANALYSIS,1806-1813
tests\unity\test\tests\testunity.c,testNotEqualStringLen_ExpectedStringIsNull,False,,"The function uses TEST_ASSERT_EQUAL_STRING_LEN with NULL as the first argument, which may cause a null pointer dereference in the test assertion. However, this is within a test framework (likely Unity) and the EXPECT_ABORT_BEGIN/VERIFY_FAILS_END macros are designed to catch such failures.",LLM_ANALYSIS,1822-1827
tests\unity\test\tests\testunity.c,testNotEqualStringArray3,False,,The function appears to be a unit test that intentionally checks for an assertion failure when comparing two string arrays of different lengths. No security vulnerability is present.,LLM_ANALYSIS,1874-1882
tests\unity\test\tests\testunity.c,testNotEqualString_ExpectedStringIsNull,False,,"The function uses test assertion macros (EXPECT_ABORT_BEGIN, TEST_ASSERT_EQUAL_STRING, VERIFY_FAILS_END) which are part of a unit testing framework. The call TEST_ASSERT_EQUAL_STRING(NULL,",LLM_ANALYSIS,1815-1820
tests\unity\test\tests\testunity.c,testNotEqualStringArray2,False,,"The function compares two arrays of string literals using TEST_ASSERT_EQUAL_STRING_ARRAY, which is a test assertion macro. No security vulnerability is present.",LLM_ANALYSIS,1864-1872
tests\unity\test\tests\testunity.c,testNotEqualString_ActualStringIsNull,False,,"The function uses TEST_ASSERT_EQUAL_STRING with a NULL argument, which may cause a null pointer dereference in the test assertion macro. However, this is a test function and the assertion is expected to fail (EXPECT_ABORT_BEGIN/VERIFY_FAILS_END), so it is not a security vulnerability in the context.",LLM_ANALYSIS,1829-1834
tests\unity\test\tests\testunity.c,testEqualStringArrays,False,,"No security vulnerability detected. The function compares string arrays using a test assertion macro, and the arguments are constant or local arrays with no external input or memory safety issues.",LLM_ANALYSIS,1843-1852
tests\unity\test\tests\testunity.c,testNotEqualStringArray1,False,,"The function compares two string arrays using TEST_ASSERT_EQUAL_STRING_ARRAY, which is a test assertion macro. No security vulnerability is present in this code snippet.",LLM_ANALYSIS,1854-1862
tests\unity\test\tests\testunity.c,testNotEqualStringLen_ActualStringIsNull,False,,The function uses TEST_ASSERT_EQUAL_STRING_LEN with a NULL pointer as the expected string. This is a test assertion that is expected to fail (as indicated by EXPECT_ABORT_BEGIN/VERIFY_FAILS_END).,LLM_ANALYSIS,1836-1841
tests\unity\test\tests\testunity.c,testEqualStringArrayIfBothNulls,True,CWE-476,"[CWE-476] The function passes NULL pointers to TEST_ASSERT_EQUAL_STRING_ARRAY, which likely dereferences them to compare string arrays. This can cause a NULL pointer dereference, leading to a crash or undefined behavior.",LLM_ANALYSIS,1914-1920
tests\unity\test\tests\testunity.c,testNotEqualStringArrayLengthZero,False,,"The function passes NULL pointers to TEST_ASSERT_EQUAL_STRING_ARRAY, but the test framework is expected to handle this case (as indicated by EXPECT_ABORT_BEGIN/VERIFY_FAILS_END). No security vulnerability is present in this code snippet.",LLM_ANALYSIS,1922-1930
tests\unity\test\tests\testunity.c,testNotEqualStringArray4,False,,The function appears to be a unit test that intentionally checks for an assertion failure when comparing two string arrays where one element is NULL. No security vulnerability is present.,LLM_ANALYSIS,1884-1892
tests\unity\test\tests\testunity.c,testNotEqualStringArray5,False,,"The function passes a NULL pointer to TEST_ASSERT_EQUAL_STRING_ARRAY, but this is part of a test that expects an abort (EXPECT_ABORT_BEGIN/VERIFY_FAILS_END). The NULL pointer is intentionally used to trigger a failure, and the test framework is designed to handle it.",LLM_ANALYSIS,1894-1902
tests\unity\test\tests\testunity.c,testEqualStringEachEqual,False,,"The function uses TEST_ASSERT_EACH_EQUAL_STRING macros with constant string literals and fixed-size arrays. The array sizes are correctly specified in the macro calls, and the strings are null-terminated.",LLM_ANALYSIS,1932-1942
tests\unity\test\tests\testunity.c,testNotEqualStringArray6,False,,The function appears to be a test case that intentionally triggers an assertion failure. It does not contain a security vulnerability in the traditional sense.,LLM_ANALYSIS,1904-1912
tests\unity\test\tests\testunity.c,testNotEqualStringEachEqual1,False,,"The function uses test assertions (EXPECT_ABORT_BEGIN, TEST_ASSERT_EACH_EQUAL_STRING, VERIFY_FAILS_END) which are part of a unit testing framework. No security vulnerability is present in this code snippet.",LLM_ANALYSIS,1944-1951
tests\unity\test\tests\testunity.c,testNotEqualStringEachEqual2,False,,The function uses test assertions and does not contain security vulnerabilities. It is a test case that checks string equality in an array.,LLM_ANALYSIS,1953-1960
tests\unity\test\tests\testunity.c,testNotEqualStringEachEqual3,False,,"The function appears to be a test case using Unity test framework macros. It does not contain any obvious security vulnerabilities such as buffer overflows, memory corruption, or unsafe operations.",LLM_ANALYSIS,1962-1969
tests\unity\test\tests\testunity.c,testNotEqualStringEachEqual5,False,,"The function uses test macros (EXPECT_ABORT_BEGIN, TEST_ASSERT_EACH_EQUAL_STRING, VERIFY_FAILS_END) that are part of a unit testing framework. The call TEST_ASSERT_EACH_EQUAL_STRING with NULL as the array pointer and 1 as the length is likely a deliberate test case to verify that the assertion fails",LLM_ANALYSIS,1980-1985
tests\unity\test\tests\testunity.c,testNotEqualStringEachEqual4,False,,"The function uses test assertions (EXPECT_ABORT_BEGIN, TEST_ASSERT_EACH_EQUAL_STRING, VERIFY_FAILS_END) which are part of a unit testing framework. No security vulnerability is present in this code.",LLM_ANALYSIS,1971-1978
tests\unity\test\tests\testunity.c,testNotEqualMemory4,False,,"The function uses TEST_ASSERT_EQUAL_MEMORY with NULL as the expected buffer, which may cause a null pointer dereference in the test framework, but this is a test assertion and not a security vulnerability in the target code. No CWE is applicable.",LLM_ANALYSIS,2020-2025
tests\unity\test\tests\testunity.c,testNotEqualMemory1,False,,"The provided code is a test function that uses assertion macros (EXPECT_ABORT_BEGIN, TEST_ASSERT_EQUAL_MEMORY, VERIFY_FAILS_END) to verify that a memory comparison fails. It does not contain any security-relevant operations such as memory allocation, pointer arithmetic, or input handling.",LLM_ANALYSIS,1999-2004
tests\unity\test\tests\testunity.c,testNotEqualMemory2,False,,"The function appears to be a unit test that expects an assertion failure. The TEST_ASSERT_EQUAL_MEMORY macro compares two memory blocks of 4 bytes, which is safe.",LLM_ANALYSIS,2006-2011
tests\unity\test\tests\testunity.c,testEqualMemory,False,,"The function compares memory blocks using TEST_ASSERT_EQUAL_MEMORY, which is a test assertion macro. The arguments are string literals or a pointer to a string literal, and the length is within the bounds of the strings.",LLM_ANALYSIS,1987-1997
tests\unity\test\tests\testunity.c,testNotEqualMemory3,False,,"The function uses TEST_ASSERT_EQUAL_MEMORY with NULL as the expected memory pointer. This is a test assertion that will likely cause a failure or abort, but it is not a security vulnerability in the context of the code.",LLM_ANALYSIS,2013-2018
tests\unity\test\tests\testunity.c,testNotEqualMemoryLengthZero,False,,"The function uses TEST_ASSERT_EQUAL_MEMORY with NULL pointers and size 0, which is a valid edge case in test frameworks. No security vulnerability detected.",LLM_ANALYSIS,2027-2032
tests\unity\test\tests\testunity.c,testEqualIntArrays,False,,The function uses TEST_ASSERT_EQUAL_INT_ARRAY with valid array pointers and sizes that do not exceed the array bounds. The call with NULL pointers is handled by the test framework (likely checks for NULL equality).,LLM_ANALYSIS,2034-2047
tests\unity\test\tests\testunity.c,testNotEqualIntArraysNullExpected,False,,"The function passes a NULL pointer to TEST_ASSERT_EQUAL_INT_ARRAY, but this is a test assertion macro that is expected to handle NULL pointers gracefully (likely by failing the test). The EXPECT_ABORT_BEGIN and VERIFY_FAILS_END macros indicate that the test expects an assertion failure, so this is a",LLM_ANALYSIS,2049-2057
tests\unity\test\tests\testunity.c,testNotEqualIntArraysNullActual,False,,"The function passes a NULL pointer (p1) to TEST_ASSERT_EQUAL_INT_ARRAY, which likely dereferences it, but this is a test function using EXPECT_ABORT_BEGIN/VERIFY_FAILS_END to intentionally trigger and catch an abort. This is not a security vulnerability in the context of the test harness.",LLM_ANALYSIS,2059-2067
tests\unity\test\tests\testunity.c,testNotEqualIntArrays2,False,,"The function compares two integer arrays using TEST_ASSERT_EQUAL_INT_ARRAY, which is a test assertion macro. No security vulnerability is present.",LLM_ANALYSIS,2079-2087
tests\unity\test\tests\testunity.c,testNotEqualIntArrays1,False,,The function compares two integer arrays using a test assertion macro. No security vulnerability is present; it is a unit test that expects an assertion failure due to differing array elements.,LLM_ANALYSIS,2069-2077
tests\unity\test\tests\testunity.c,testNotEqualIntArrays3,False,,"The function compares two integer arrays using TEST_ASSERT_EQUAL_INT_ARRAY, which is a test assertion macro. No security vulnerability is present in this code snippet.",LLM_ANALYSIS,2089-2097
tests\unity\test\tests\testunity.c,testNotEqualIntArraysLengthZero,False,,"The function uses TEST_ASSERT_EQUAL_INT_ARRAY with a size of 0, which is a valid edge case in Unity testing framework. No security vulnerability detected.",LLM_ANALYSIS,2099-2107
tests\unity\test\tests\testunity.c,testNotEqualIntEachEqualNullActual,True,CWE-476,"[CWE-476] The function passes a NULL pointer (p1) to TEST_ASSERT_EACH_EQUAL_INT, which likely dereferences the pointer to compare values. This results in a NULL pointer dereference, leading to a crash or undefined behavior.",LLM_ANALYSIS,2123-2130
tests\unity\test\tests\testunity.c,testEqualIntEachEqual,False,,"The function initializes local arrays and calls TEST_ASSERT_EACH_EQUAL_INT with array pointers and element counts. The counts provided (1, 4, 4, 3, 1) are within the bounds of the respective arrays (all arrays have size 4).",LLM_ANALYSIS,2109-2121
tests\unity\test\tests\testunity.c,testNotEqualIntEachEqual1,False,,"The function appears to be a test case that intentionally expects an assertion failure. It uses TEST_ASSERT_EACH_EQUAL_INT to check that all elements in the array are equal to 1, but the array contains -2 as the last element, so the assertion will fail as expected.",LLM_ANALYSIS,2132-2139
tests\unity\test\tests\testunity.c,testNotEqualEachEqualLengthZero,False,,"The function uses TEST_ASSERT_EACH_EQUAL_INT with a size of 0, which is a test assertion that will intentionally fail (as expected by EXPECT_ABORT_BEGIN/VERIFY_FAILS_END). No security vulnerability is present.",LLM_ANALYSIS,2159-2166
tests\unity\test\tests\testunity.c,testNotEqualIntEachEqual2,False,,"The function uses TEST_ASSERT_EACH_EQUAL_INT to verify that all elements in the array p0 equal -5. The array contains {-5, -5, -1, -5}, so the assertion will fail because the third element is -1.",LLM_ANALYSIS,2141-2148
tests\unity\test\tests\testunity.c,testNotEqualIntEachEqual3,False,,"The function uses TEST_ASSERT_EACH_EQUAL_INT to verify that all elements in the array p0 are equal to 88. The array has 4 elements, and the first element is 1, so the assertion will fail as expected.",LLM_ANALYSIS,2150-2157
tests\unity\test\tests\testunity.c,testEqualPtrArrays,True,CWE-125,"[CWE-125] The function uses TEST_ASSERT_EQUAL_PTR_ARRAY with mismatched array sizes (p1 has 4 elements, p2 has 2 elements) and compares arrays of different lengths, which can lead to out-of-bounds reads if the macro assumes equal sizes. However, the code appears to be a test function using a testing framework",LLM_ANALYSIS,2168-2183
tests\unity\test\tests\testunity.c,testNotEqualPtrArraysNullExpected,True,CWE-476,"[CWE-476] The function compares a NULL pointer (p0) with an array of pointers (p1) using TEST_ASSERT_EQUAL_PTR_ARRAY, which likely dereferences p0 to access elements, leading to a NULL pointer dereference. This is a security vulnerability (CWE-476: NULL Pointer Dereference).",LLM_ANALYSIS,2185-2195
tests\unity\test\tests\testunity.c,testNotEqualPtrArraysNullActual,True,CWE-476,"[CWE-476] The function passes a NULL pointer (p0) as the expected array to TEST_ASSERT_EQUAL_PTR_ARRAY, which likely dereferences it to compare elements, leading to a NULL pointer dereference. This is a classic NULL pointer dereference vulnerability (CWE-476).",LLM_ANALYSIS,2197-2207
tests\unity\test\tests\testunity.c,testNotEqualPtrArrays3,False,,"The function compares two arrays of pointers using TEST_ASSERT_EQUAL_PTR_ARRAY, which is a test assertion macro. The code itself does not contain a security vulnerability; it is a test case that expects an assertion failure.",LLM_ANALYSIS,2235-2246
tests\unity\test\tests\testunity.c,testNotEqualPtrArrays2,False,,"The function compares two arrays of pointers using TEST_ASSERT_EQUAL_PTR_ARRAY, which is a test assertion macro. The code itself does not contain a security vulnerability; it is a test case that expects an assertion failure.",LLM_ANALYSIS,2222-2233
tests\unity\test\tests\testunity.c,testEqualPtrEachEqual,False,,"No security vulnerability detected. The function only performs test assertions on local variables and pointers, with no external input, memory allocation, or unsafe operations.",LLM_ANALYSIS,2248-2263
tests\unity\test\tests\testunity.c,testNotEqualPtrEachEqualNullExpected,False,,"The code uses TEST_ASSERT_EACH_EQUAL_PTR which is a test macro, not a security vulnerability. The function is a test case that checks pointer equality, and no security issues are present.",LLM_ANALYSIS,2265-2274
tests\unity\test\tests\testunity.c,testNotEqualPtrArrays1,False,,"The function compares two arrays of pointers using TEST_ASSERT_EQUAL_PTR_ARRAY, which is a test assertion macro. The code itself does not contain a security vulnerability; it is a test case that expects an assertion failure.",LLM_ANALYSIS,2209-2220
tests\unity\test\tests\testunity.c,testNotEqualPtrEachEqual1,False,,"The code uses TEST_ASSERT_EACH_EQUAL_PTR which is a test assertion macro, not a security-sensitive operation. No security vulnerability is present.",LLM_ANALYSIS,2286-2295
tests\unity\test\tests\testunity.c,testNotEqualPtrEachEqualNullActual,True,CWE-476,"[CWE-476] The function passes a NULL pointer (p0) as the 'expected' argument to TEST_ASSERT_EACH_EQUAL_PTR, which dereferences it to compare each element. This leads to a NULL pointer dereference, causing undefined behavior or a crash.",LLM_ANALYSIS,2276-2284
tests\unity\test\tests\testunity.c,testNotEqualPtrEachEqual2,False,,The code uses TEST_ASSERT_EACH_EQUAL_PTR which is a Unity test framework macro. The macro likely iterates over the array and compares each element to the expected pointer.,LLM_ANALYSIS,2297-2306
tests\unity\test\tests\testunity.c,testEqualInt8EachEqual,False,,The function uses TEST_ASSERT_EACH_EQUAL_INT8 with explicit element counts that do not exceed the array sizes. No buffer over-read or other memory safety issues are apparent.,LLM_ANALYSIS,2343-2355
tests\unity\test\tests\testunity.c,testNotEqualInt8EachEqual,False,,The function uses a test assertion macro (TEST_ASSERT_EACH_EQUAL_INT8) with a valid array and length. No security vulnerability is present.,LLM_ANALYSIS,2357-2364
tests\unity\test\tests\testunity.c,testNotEqualInt8Arrays,False,,"The function uses UNITY_INT8 arrays with values that fit within the signed 8-bit range (-128 to 127). The comparison of arrays is done via TEST_ASSERT_EQUAL_INT8_ARRAY, which is a standard testing macro.",LLM_ANALYSIS,2333-2341
tests\unity\test\tests\testunity.c,testNotEqualPtrEachEqual3,False,,"The code uses TEST_ASSERT_EACH_EQUAL_PTR which is a test macro, not a security vulnerability. The function is a test case that checks pointer equality, and no security issue is present.",LLM_ANALYSIS,2308-2317
tests\unity\test\tests\testunity.c,testEqualInt8Arrays,False,,"The function uses TEST_ASSERT_EQUAL_INT8_ARRAY with correct array sizes and does not exhibit any obvious security vulnerabilities such as buffer overflows, out-of-bounds access, or memory safety issues.",LLM_ANALYSIS,2319-2331
tests\unity\test\tests\testunity.c,testEqualUIntArrays,False,,"No security vulnerability detected. The function compares arrays of unsigned integers using TEST_ASSERT_EQUAL_UINT_ARRAY, which is a test assertion macro.",LLM_ANALYSIS,2366-2378
tests\unity\test\tests\testunity.c,testNotEqualUIntArrays1,False,,"The function compares two unsigned integer arrays using TEST_ASSERT_EQUAL_UINT_ARRAY, which is a test assertion macro. No security vulnerability is present; it is a unit test function.",LLM_ANALYSIS,2380-2388
tests\unity\test\tests\testunity.c,testNotEqualUIntArrays2,False,,The function compares two unsigned integer arrays using a test assertion macro. No security vulnerability is present; it is a test case for array equality.,LLM_ANALYSIS,2390-2398
tests\unity\test\tests\testunity.c,testNotEqualUIntArrays3,False,,The function appears to be a test case that intentionally triggers an assertion failure (EXPECT_ABORT_BEGIN/VERIFY_FAILS_END) to verify that TEST_ASSERT_EQUAL_UINT_ARRAY correctly detects a mismatch between two arrays. No security vulnerability is present.,LLM_ANALYSIS,2400-2408
tests\unity\test\tests\testunity.c,testNotEqualUIntEachEqual2,False,,"The function uses TEST_ASSERT_EACH_EQUAL_UINT with a valid array and size, and the EXPECT_ABORT_BEGIN/VERIFY_FAILS_END macros are test constructs. No security vulnerability detected.",LLM_ANALYSIS,2433-2440
tests\unity\test\tests\testunity.c,testNotEqualUIntEachEqual1,False,,The function appears to be a test case that intentionally triggers an assertion failure. No security vulnerability is present.,LLM_ANALYSIS,2424-2431
tests\unity\test\tests\testunity.c,testNotEqualUIntEachEqual3,False,,"The function uses TEST_ASSERT_EACH_EQUAL_UINT with a valid array and size, and the EXPECT_ABORT_BEGIN/VERIFY_FAILS_END macros are part of a test framework to verify expected failures. No security vulnerability is present.",LLM_ANALYSIS,2442-2449
tests\unity\test\tests\testunity.c,testEqualUIntEachEqual,False,,"The function uses TEST_ASSERT_EACH_EQUAL_UINT macros with array pointers and element counts that match the array sizes. No out-of-bounds access, buffer overflow, or other security vulnerabilities are present.",LLM_ANALYSIS,2410-2422
tests\unity\test\tests\testunity.c,testNotEqualInt16Arrays,False,,"The function uses Unity test macros (EXPECT_ABORT_BEGIN, TEST_ASSERT_EQUAL_INT16_ARRAY, VERIFY_FAILS_END) to verify that an assertion fails when comparing two arrays with different last elements. No security vulnerability is present; it is a test function.",LLM_ANALYSIS,2465-2473
tests\unity\test\tests\testunity.c,testEqualInt16Arrays,False,,"The function uses TEST_ASSERT_EQUAL_INT16_ARRAY with correct array sizes and does not exhibit any obvious security vulnerabilities such as buffer overflows, out-of-bounds access, or memory safety issues.",LLM_ANALYSIS,2451-2463
tests\unity\test\tests\testunity.c,testEqualInt32Arrays,False,,"The function uses TEST_ASSERT_EQUAL_INT32_ARRAY with correct array sizes and does not exhibit any obvious security vulnerabilities such as buffer overflows, out-of-bounds access, or memory safety issues.",LLM_ANALYSIS,2498-2510
tests\unity\test\tests\testunity.c,testEqualInt16EachEqual,False,,The function uses TEST_ASSERT_EACH_EQUAL_INT16 with explicit element counts that match the array sizes. No out-of-bounds access or other security vulnerabilities detected.,LLM_ANALYSIS,2475-2487
tests\unity\test\tests\testunity.c,testNotEqualInt16EachEqual,False,,"The function uses TEST_ASSERT_EACH_EQUAL_INT16 to compare each element of the array p0 against the expected value 127. The array has 4 elements, and the size parameter is 4, so the bounds are correct.",LLM_ANALYSIS,2489-2496
tests\unity\test\tests\testunity.c,testNotEqualInt32Arrays,False,,The function compares two integer arrays using TEST_ASSERT_EQUAL_INT32_ARRAY within an EXPECT_ABORT_BEGIN/VERIFY_FAILS_END block. This is a test assertion that intentionally expects a failure (since the arrays differ at the last element).,LLM_ANALYSIS,2512-2520
tests\unity\test\tests\testunity.c,testEqualInt32EachEqual,False,,The function uses TEST_ASSERT_EACH_EQUAL_INT32 macros with correct array sizes and expected values. No security vulnerabilities detected.,LLM_ANALYSIS,2522-2534
tests\unity\test\tests\testunity.c,testNotEqualInt32EachEqual,False,,"The function uses TEST_ASSERT_EACH_EQUAL_INT32 to compare each element of the array p0 to the expected value 127. The array has 4 elements, and the size parameter is correctly set to 4.",LLM_ANALYSIS,2536-2543
tests\unity\test\tests\testunity.c,testEqualUINT8Arrays,False,,"The function uses TEST_ASSERT_EQUAL_UINT8_ARRAY to compare arrays. The lengths passed (1, 4, 3, 1) are within the bounds of the arrays (all arrays have at least 4 elements).",LLM_ANALYSIS,2545-2557
tests\unity\test\tests\testunity.c,testNotEqualUINT8Arrays1,False,,"The function compares two unsigned char arrays using TEST_ASSERT_EQUAL_UINT8_ARRAY, which is a test assertion macro. No security vulnerability is present; it is a test case expecting a failure due to differing array contents.",LLM_ANALYSIS,2559-2567
tests\unity\test\tests\testunity.c,testEqualUINT16Arrays,False,,The function uses TEST_ASSERT_EQUAL_UINT16_ARRAY with explicit array sizes that match the actual array lengths. No out-of-bounds access or other security vulnerabilities detected.,LLM_ANALYSIS,2590-2602
tests\unity\test\tests\testunity.c,testNotEqualUINT8Arrays2,False,,"The function compares two unsigned char arrays using TEST_ASSERT_EQUAL_UINT8_ARRAY, which is a test assertion macro. No security vulnerability is present; it is a test case expecting a failure due to differing array contents.",LLM_ANALYSIS,2569-2577
tests\unity\test\tests\testunity.c,testNotEqualUINT16Arrays1,False,,The function compares two unsigned short arrays using a test assertion macro. No security vulnerability is present; it is a unit test that expects the comparison to fail.,LLM_ANALYSIS,2604-2612
tests\unity\test\tests\testunity.c,testNotEqualUINT32Arrays2,False,,The function compares two arrays of unsigned 32-bit integers using a test assertion macro. No security vulnerability is present; it is a unit test function that expects an assertion failure.,LLM_ANALYSIS,2658-2666
tests\unity\test\tests\testunity.c,testEqualUINT32Arrays,False,,"The function compares arrays using TEST_ASSERT_EQUAL_UINT32_ARRAY, which is a test assertion macro. The arrays are properly sized and the lengths passed are within bounds.",LLM_ANALYSIS,2634-2646
tests\unity\test\tests\testunity.c,testNotEqualUINT32Arrays3,False,,The function appears to be a unit test that intentionally triggers an assertion failure to verify that the test framework correctly detects mismatched arrays. No security vulnerability is present.,LLM_ANALYSIS,2668-2676
tests\unity\test\tests\testunity.c,testNotEqualUINT16Arrays2,False,,"The function compares two unsigned short arrays using TEST_ASSERT_EQUAL_UINT16_ARRAY, which is a test assertion macro. No security vulnerability is present; the code is a unit test that expects the assertion to fail (EXPECT_ABORT_BEGIN/VERIFY_FAILS_END).",LLM_ANALYSIS,2614-2622
tests\unity\test\tests\testunity.c,testNotEqualHEXArrays2,False,,The function appears to be a unit test that intentionally triggers an assertion failure to verify that the test framework aborts as expected. No security vulnerability is present.,LLM_ANALYSIS,2702-2710
tests\unity\test\tests\testunity.c,testNotEqualHEXArrays1,False,,The function compares two arrays of unsigned 32-bit integers using a test assertion macro. No security vulnerability is present.,LLM_ANALYSIS,2692-2700
tests\unity\test\tests\testunity.c,testNotEqualHEX32Arrays2,False,,The function appears to be a unit test that intentionally triggers an assertion failure to verify that the test framework aborts as expected. No security vulnerability is present.,LLM_ANALYSIS,2746-2754
tests\unity\test\tests\testunity.c,testNotEqualUINT8Arrays3,False,,"The function compares two unsigned char arrays using TEST_ASSERT_EQUAL_UINT8_ARRAY, which is a test assertion macro. No security vulnerability is present in this code snippet.",LLM_ANALYSIS,2579-2587
tests\unity\test\tests\testunity.c,testNotEqualUINT32Arrays1,False,,The function compares two arrays of unsigned integers using a test assertion macro. No security vulnerability is present.,LLM_ANALYSIS,2648-2656
tests\unity\test\tests\testunity.c,testNotEqualUINT16Arrays3,False,,"The function compares two unsigned short arrays using TEST_ASSERT_EQUAL_UINT16_ARRAY, which is a test assertion macro. No security vulnerability is present in this code snippet.",LLM_ANALYSIS,2624-2632
tests\unity\test\tests\testunity.c,testEqualHEX32Arrays,False,,"The function compares arrays using TEST_ASSERT_EQUAL_HEX32_ARRAY, which is a test assertion macro. The arrays are properly sized and the lengths passed are within bounds.",LLM_ANALYSIS,2722-2734
tests\unity\test\tests\testunity.c,testNotEqualHEXArrays3,False,,The function compares two arrays of unsigned integers using a test assertion macro. No security vulnerability is apparent in this code snippet.,LLM_ANALYSIS,2712-2720
tests\unity\test\tests\testunity.c,testEqualHEXArrays,False,,The function uses Unity test macros with arrays of matching types and sizes. The comparisons are within bounds and no memory safety issues are apparent.,LLM_ANALYSIS,2678-2690
tests\unity\test\tests\testunity.c,testNotEqualHEX16Arrays1,False,,"The function compares two unsigned short arrays using TEST_ASSERT_EQUAL_HEX16_ARRAY, which is a test assertion macro. No security vulnerability is present; the code is a unit test that expects the comparison to fail.",LLM_ANALYSIS,2780-2788
tests\unity\test\tests\testunity.c,testNotEqualHEX32Arrays1,False,,The function appears to be a unit test that intentionally triggers an assertion failure to verify test behavior. No security vulnerability is evident.,LLM_ANALYSIS,2736-2744
tests\unity\test\tests\testunity.c,testNotEqualHEX16Arrays2,False,,"The function compares two unsigned short arrays using TEST_ASSERT_EQUAL_HEX16_ARRAY, which is a test assertion macro. No security vulnerability is present; it is a unit test function.",LLM_ANALYSIS,2790-2798
tests\unity\test\tests\testunity.c,testNotEqualHEX16Arrays3,False,,The function compares two unsigned short arrays using a test assertion macro. No security vulnerability is present.,LLM_ANALYSIS,2800-2808
tests\unity\test\tests\testunity.c,testNotEqualHEX8Arrays1,False,,"The function compares two unsigned char arrays using TEST_ASSERT_EQUAL_HEX8_ARRAY, which is a test assertion macro. No security vulnerability is present in this code snippet.",LLM_ANALYSIS,2824-2832
tests\unity\test\tests\testunity.c,testNotEqualHEX32Arrays3,False,,The function appears to be a unit test that intentionally triggers an assertion failure to verify test behavior. No security vulnerability is evident.,LLM_ANALYSIS,2756-2764
tests\unity\test\tests\testunity.c,testEqualHEX16Arrays,False,,"The function initializes several unsigned short arrays and calls TEST_ASSERT_EQUAL_HEX16_ARRAY with explicit element counts. The counts (1, 4, 3, 1) do not exceed the array sizes (all arrays have 4 elements), so there is no out-of-bounds read.",LLM_ANALYSIS,2766-2778
tests\unity\test\tests\testunity.c,testEqualHEX8Arrays,False,,The function compares arrays using TEST_ASSERT_EQUAL_HEX8_ARRAY with explicit lengths that do not exceed the array sizes. No buffer over-read or out-of-bounds access is detected.,LLM_ANALYSIS,2810-2822
tests\unity\test\tests\testunity.c,testEqualUINT16EachEqual,False,,The function uses TEST_ASSERT_EACH_EQUAL_UINT16 macros with array sizes that match the number of elements in each array. No buffer overflows or other security vulnerabilities are apparent.,LLM_ANALYSIS,2895-2907
tests\unity\test\tests\testunity.c,testNotEqualUINT8EachEqual1,False,,The function contains test assertions and does not perform any security-sensitive operations. No vulnerability detected.,LLM_ANALYSIS,2868-2875
tests\unity\test\tests\testunity.c,testNotEqualUINT16EachEqual1,False,,The function appears to be a test case that intentionally triggers an assertion failure. It uses a macro EXPECT_ABORT_BEGIN and VERIFY_FAILS_END to check that the assertion TEST_ASSERT_EACH_EQUAL_UINT16 fails as expected.,LLM_ANALYSIS,2909-2916
tests\unity\test\tests\testunity.c,testNotEqualHEX8Arrays2,False,,The function uses TEST_ASSERT_EQUAL_HEX8_ARRAY to compare two arrays of equal length (4 bytes). The arrays are properly initialized and the comparison is within bounds.,LLM_ANALYSIS,2834-2842
tests\unity\test\tests\testunity.c,testNotEqualHEX8Arrays3,False,,"The function compares two unsigned char arrays using TEST_ASSERT_EQUAL_HEX8_ARRAY, which is a test assertion macro. No security vulnerability is present; it is a unit test for array comparison.",LLM_ANALYSIS,2844-2852
tests\unity\test\tests\testunity.c,testNotEqualUINT8EachEqual2,False,,"The function uses TEST_ASSERT_EACH_EQUAL_UINT8 to check that each byte in the array p0 equals 1. The array contains {1,1,1,127}, so the assertion will fail as expected.",LLM_ANALYSIS,2877-2884
tests\unity\test\tests\testunity.c,testNotEqualUINT8EachEqual3,False,,"The function uses TEST_ASSERT_EACH_EQUAL_UINT8 to compare each element of the array p0 to 55. The array contains {54, 55, 55, 55}, so the first element (54) does not match, causing the assertion to fail as expected.",LLM_ANALYSIS,2886-2893
tests\unity\test\tests\testunity.c,testEqualUINT8EachEqual,False,,The function uses TEST_ASSERT_EACH_EQUAL_UINT8 with explicit element counts that match the array sizes. No buffer overread or out-of-bounds access is detected.,LLM_ANALYSIS,2854-2866
tests\unity\test\tests\testunity.c,testEqualUINT32EachEqual,False,,The function uses TEST_ASSERT_EACH_EQUAL_UINT32 with explicit element counts that do not exceed the array sizes. No buffer overflows or other security vulnerabilities detected.,LLM_ANALYSIS,2936-2948
tests\unity\test\tests\testunity.c,testNotEqualUINT32EachEqual1,False,,"The function uses Unity test macros (EXPECT_ABORT_BEGIN, TEST_ASSERT_EACH_EQUAL_UINT32, VERIFY_FAILS_END) to test an assertion failure. No security vulnerability is present in this code.",LLM_ANALYSIS,2950-2957
tests\unity\test\tests\testunity.c,testNotEqualUINT16EachEqual2,False,,"The function appears to be a test case that intentionally expects an assertion failure. It uses TEST_ASSERT_EACH_EQUAL_UINT16 to check that all elements in the array are equal to 65132u, but the third element is 987, so the assertion should fail.",LLM_ANALYSIS,2918-2925
tests\unity\test\tests\testunity.c,testNotEqualUINT32EachEqual2,False,,"The function uses TEST_ASSERT_EACH_EQUAL_UINT32 to compare each element of the array p0 against the expected value 987. The array has 4 elements, and the function passes the correct size.",LLM_ANALYSIS,2959-2966
tests\unity\test\tests\testunity.c,testNotEqualUINT16EachEqual3,False,,"The function uses test macros (EXPECT_ABORT_BEGIN, TEST_ASSERT_EACH_EQUAL_UINT16, VERIFY_FAILS_END) which are part of a unit testing framework. The array p0 is properly sized and the assertion checks each element against 65132u.",LLM_ANALYSIS,2927-2934
tests\unity\test\tests\testunity.c,testEqualHEXEachEqual,False,,"The function uses TEST_ASSERT_EACH_EQUAL_HEX macros with explicit array sizes that match the number of elements in the arrays. No buffer overflows, out-of-bounds reads, or other security vulnerabilities were detected.",LLM_ANALYSIS,2977-2989
tests\unity\test\tests\testunity.c,testNotEqualHEXEachEqual1,False,,"The function uses TEST_ASSERT_EACH_EQUAL_HEX32 to compare each element of the array p0 against the expected value 65132u. The array contains {1, 65132u, 65132u, 65132u}, so the first element (1) does not match, which is intentionally expected to trigger an assertion failure.",LLM_ANALYSIS,2991-2998
tests\unity\test\tests\testunity.c,testNotEqualUINT32EachEqual3,False,,"The function appears to be a test case using Unity test framework macros. It defines an array of unsigned integers and uses EXPECT_ABORT_BEGIN/VERIFY_FAILS_END to assert that TEST_ASSERT_EACH_EQUAL_UINT32 fails when comparing all elements to 1, since the last element is 65132.",LLM_ANALYSIS,2968-2975
tests\unity\test\tests\testunity.c,testEqualHEX32EachEqual,False,,The function appears to be a test function using Unity test framework macros. It initializes arrays and calls TEST_ASSERT_EACH_EQUAL_HEX32 with appropriate sizes.,LLM_ANALYSIS,3018-3030
tests\unity\test\tests\testunity.c,testNotEqualHEXEachEqual3,False,,"The function uses TEST_ASSERT_EACH_EQUAL_HEX with a valid array and size, and the EXPECT_ABORT_BEGIN/VERIFY_FAILS_END macros are part of a test framework. No security vulnerability detected.",LLM_ANALYSIS,3009-3016
tests\unity\test\tests\testunity.c,testNotEqualHEX32EachEqual2,False,,"The function uses Unity test macros (EXPECT_ABORT_BEGIN, TEST_ASSERT_EACH_EQUAL_HEX32, VERIFY_FAILS_END) to verify that an assertion fails when comparing an array with mismatched elements. No security vulnerability is present; it is a test function.",LLM_ANALYSIS,3041-3048
tests\unity\test\tests\testunity.c,testNotEqualHEX32EachEqual1,False,,"The function uses TEST_ASSERT_EACH_EQUAL_HEX32 with a valid array and size, and the EXPECT_ABORT_BEGIN/VERIFY_FAILS_END macros are used for testing expected failures. No security vulnerability is present.",LLM_ANALYSIS,3032-3039
tests\unity\test\tests\testunity.c,testNotEqualHEXEachEqual2,False,,The function appears to be a unit test using Unity test framework. It defines an array of unsigned 32-bit integers and uses TEST_ASSERT_EACH_EQUAL_HEX32 to verify all elements equal 987.,LLM_ANALYSIS,3000-3007
tests\unity\test\tests\testunity.c,testNotEqualHEX16EachEqual1,False,,"The function appears to be a test case using Unity test framework macros (EXPECT_ABORT_BEGIN, TEST_ASSERT_EACH_EQUAL_HEX16, VERIFY_FAILS_END). It does not contain any security vulnerabilities.",LLM_ANALYSIS,3073-3080
tests\unity\test\tests\testunity.c,testEqualHEX16EachEqual,False,,The function uses TEST_ASSERT_EACH_EQUAL_HEX16 with explicit element counts that match the array sizes. No buffer overread or out-of-bounds access is evident.,LLM_ANALYSIS,3059-3071
tests\unity\test\tests\testunity.c,testNotEqualHEX16EachEqual2,False,,The function appears to be a test case that verifies an assertion macro (TEST_ASSERT_EACH_EQUAL_HEX16) correctly fails when the array does not contain all equal elements. No security vulnerability is present.,LLM_ANALYSIS,3082-3089
tests\unity\test\tests\testunity.c,testNotEqualHEX16EachEqual3,False,,"The function uses TEST_ASSERT_EACH_EQUAL_HEX16 with a valid array and size, and the EXPECT_ABORT_BEGIN/VERIFY_FAILS_END macros are part of a test framework. No security vulnerability is apparent.",LLM_ANALYSIS,3091-3098
tests\unity\test\tests\testunity.c,testNotEqualHEX32EachEqual3,False,,The function appears to be a unit test that expects an assertion failure when comparing an array containing a value (65132) that does not match the expected value (8). No security vulnerability is present.,LLM_ANALYSIS,3050-3057
tests\unity\test\tests\testunity.c,testNotEqualHEX8EachEqual1,False,,The function appears to be a test case that expects an assertion failure. It defines an array of unsigned char values and uses TEST_ASSERT_EACH_EQUAL_HEX8 to check if all elements equal 253.,LLM_ANALYSIS,3114-3121
tests\unity\test\tests\testunity.c,testEqualHEX8EachEqual,False,,The function initializes local arrays and calls TEST_ASSERT_EACH_EQUAL_HEX8 with explicit sizes that do not exceed the array bounds. No memory safety issues or other vulnerabilities detected.,LLM_ANALYSIS,3100-3112
tests\unity\test\tests\testunity.c,testNotEqualHEX8EachEqual2,False,,The function contains test assertions and does not perform any security-sensitive operations. No vulnerability detected.,LLM_ANALYSIS,3123-3130
tests\unity\test\tests\testunity.c,testNotEqualHEX8EachEqual3,False,,"The function uses TEST_ASSERT_EACH_EQUAL_HEX8 to compare each element of the array p0 to the value 8. The array p0 contains {1, 8, 8, 8}, so the first element (1) does not match 8, causing the assertion to fail as expected.",LLM_ANALYSIS,3132-3139
tests\unity\test\tests\testunity.c,testEqualMemoryArrays,False,,"The function uses TEST_ASSERT_EQUAL_MEMORY_ARRAY with correct sizes and does not exhibit any obvious security vulnerabilities such as buffer overflows, out-of-bounds access, or memory corruption. The arrays are properly initialized and the comparisons are within bounds.",LLM_ANALYSIS,3141-3153
tests\unity\test\tests\testunity.c,testNotEqualMemoryArraysExpectedNull,True,CWE-476,"[CWE-476] The function passes a NULL pointer (p0) to TEST_ASSERT_EQUAL_MEMORY_ARRAY, which likely dereferences it to compare memory contents. This leads to a NULL pointer dereference, causing a crash or undefined behavior.",LLM_ANALYSIS,3155-3163
tests\unity\test\tests\testunity.c,testNotEqualMemoryArrays2,False,,"The function compares two integer arrays using TEST_ASSERT_EQUAL_MEMORY_ARRAY, which is a test assertion macro. No security vulnerability is present in this code snippet.",LLM_ANALYSIS,3185-3193
tests\unity\test\tests\testunity.c,testNotEqualMemoryArraysActualNull,True,CWE-476,"[CWE-476] The function passes a NULL pointer (p1) to TEST_ASSERT_EQUAL_MEMORY_ARRAY, which likely dereferences it to compare memory contents. This leads to a NULL pointer dereference, causing a crash or undefined behavior.",LLM_ANALYSIS,3165-3173
tests\unity\test\tests\testunity.c,testNotEqualMemoryArrays1,False,,"The function compares two integer arrays using TEST_ASSERT_EQUAL_MEMORY_ARRAY, which is a test assertion macro. The arrays are properly sized and the comparison is expected to fail due to the differing last element (-2 vs 2).",LLM_ANALYSIS,3175-3183
tests\unity\test\tests\testunity.c,testNotEqualMemoryArrays3,False,,"The function compares two integer arrays using TEST_ASSERT_EQUAL_MEMORY_ARRAY, which is a test assertion macro. No security vulnerability is present in this code snippet.",LLM_ANALYSIS,3195-3203
tests\unity\test\tests\testunity.c,testEqualMemoryEachEqual,False,,"The function uses TEST_ASSERT_EACH_EQUAL_MEMORY macro which compares memory blocks. The macro likely expects a pointer to the expected data, a pointer to the actual data, the size of each element, and the number of elements.",LLM_ANALYSIS,3205-3218
tests\unity\test\tests\testunity.c,testNotEqualMemoryEachEqualExpectedNull,True,CWE-476,"[CWE-476] The function passes a NULL pointer (p0) as the expected value to TEST_ASSERT_EACH_EQUAL_MEMORY, which likely dereferences it to compare memory contents. This leads to a NULL pointer dereference, causing a crash or undefined behavior.",LLM_ANALYSIS,3220-3228
tests\unity\test\tests\testunity.c,testProtection,False,,"No security vulnerability detected. The function uses a volatile local variable and conditional logic without any security-relevant operations such as memory access, input handling, or privilege escalation.",LLM_ANALYSIS,3270-3286
tests\unity\test\tests\testunity.c,testNotEqualMemoryEachEqual1,False,,"The function uses TEST_ASSERT_EACH_EQUAL_MEMORY with a count of 3, which compares the first 3 elements of p0 and p1. Both arrays have at least 3 elements, so no out-of-bounds access occurs.",LLM_ANALYSIS,3240-3248
tests\unity\test\tests\testunity.c,testNotEqualMemoryEachEqualActualNull,False,,"The function passes a NULL pointer as the second argument to TEST_ASSERT_EACH_EQUAL_MEMORY, which may cause a crash or undefined behavior if the macro dereferences it. However, the code is wrapped in EXPECT_ABORT_BEGIN/VERIFY_FAILS_END, indicating it is a test expecting an abort or failure.",LLM_ANALYSIS,3230-3238
tests\unity\test\tests\testunity.c,testIgnoredAndThenFailInTearDown,False,,"The function sets a global variable and calls TEST_IGNORE(), which is a test framework macro to skip the test. No security vulnerability is apparent.",LLM_ANALYSIS,3288-3292
tests\unity\test\tests\testunity.c,testNotEqualMemoryEachEqual2,False,,"The function uses TEST_ASSERT_EACH_EQUAL_MEMORY with a count of 3, which compares the first 3 elements of p0 and p1. Since p0 has 4 elements and p1 has 12, the access is within bounds.",LLM_ANALYSIS,3250-3258
tests\unity\test\tests\testunity.c,startPutcharSpy,False,,The function simply sets two global variables to constant values. No security vulnerability is present.,LLM_ANALYSIS,3312-3313
tests\unity\test\tests\testunity.c,testNotEqualMemoryEachEqual3,False,,"The function uses TEST_ASSERT_EACH_EQUAL_MEMORY with a size of sizeof(int)*4 and a count of 3, which compares 3 elements of 4 bytes each from p0 and p1. p0 has 4 elements (16 bytes) and p1 has 12 elements (48 bytes), so the access is within bounds.",LLM_ANALYSIS,3260-3268
tests\unity\test\tests\testunity.c,endPutcharSpy,False,,The function simply sets a global variable to 0. No security vulnerability detected.,LLM_ANALYSIS,3314-3315
tests\unity\test\tests\testunity.c,putcharSpy,False,,"The function writes to a global buffer 'putcharSpyBuffer' using an index 'indexSpyBuffer' without proper bounds checking. The condition 'indexSpyBuffer < SPY_BUFFER_MAX - 1' allows writing up to index SPY_BUFFER_MAX-1, which is within bounds, but there is no check for negative index or concurrent/ra",LLM_ANALYSIS,3326-3336
tests\unity\test\tests\testunity.c,testPrintNumbersUnsigned32,False,,The function contains only test assertions and conditional compilation directives. No security vulnerabilities were identified.,LLM_ANALYSIS,3402-3413
tests\unity\test\tests\testunity.c,testPrintNumbersInt64,False,,The function contains only test assertions and conditional compilation directives. No security vulnerabilities were identified.,LLM_ANALYSIS,3417-3431
tests\unity\test\tests\testunity.c,testFailureCountIncrementsAndIsReturnedAtEnd,False,,"The function manipulates global test state and suppresses output, but no memory safety, integer overflow, or other common CWE vulnerabilities are evident. The decrement of Unity.TestFailures is intentional for test logic, not a security issue.",LLM_ANALYSIS,3338-3352
tests\unity\test\tests\testunity.c,testHexPrintsUpToMaxNumberOfNibbles,False,,The function appears to be a test function that conditionally uses a spy mechanism to capture output. No security vulnerabilities were identified in the provided code.,LLM_ANALYSIS,3366-3376
tests\unity\test\tests\testunity.c,testPrintNumbers32,False,,The function contains test assertions and conditional compilation directives. No security vulnerabilities were identified.,LLM_ANALYSIS,3388-3400
tests\unity\test\tests\testunity.c,testPrintNumbersUInt64,False,,The function contains only test assertions and conditional compilation directives. No security vulnerabilities were identified.,LLM_ANALYSIS,3433-3447
tests\unity\test\tests\testunity.c,testCstringsEscapeSequence,False,,"The function is a test helper that conditionally tests string output. It does not handle untrusted input, perform unsafe memory operations, or exhibit common vulnerability patterns.",LLM_ANALYSIS,3354-3364
tests\unity\test\tests\testunity.c,testEqualHex64s,False,,"No security vulnerabilities detected. The function performs constant comparisons and pointer dereferences on local variables without any external input, memory allocation, or system calls.",LLM_ANALYSIS,3449-3470
tests\unity\test\tests\testunity.c,testEqualInt64s,False,,"The function contains no security vulnerabilities. It is a test function that compares 64-bit integer values and pointers, with no unsafe operations, no memory management issues, and no external input handling.",LLM_ANALYSIS,3495-3516
tests\unity\test\tests\testunity.c,testEqualUint64s,False,,"No security vulnerabilities detected. The function performs equality assertions on 64-bit unsigned integers and pointers, with no unsafe operations, memory access issues, or input handling.",LLM_ANALYSIS,3472-3493
tests\unity\test\tests\testunity.c,testNotEqualHex64sIfSigned,False,,The function is a test case that intentionally triggers an assertion failure to verify behavior. No security vulnerability is present.,LLM_ANALYSIS,3567-3581
tests\unity\test\tests\testunity.c,testUINT64sWithinDelta,False,,The function contains only test assertions and no security-relevant operations. No vulnerabilities detected.,LLM_ANALYSIS,3616-3625
tests\unity\test\tests\testunity.c,testNotEqualInt64s,False,,The function is a test case that intentionally triggers an assertion failure to verify behavior. No security vulnerability is present.,LLM_ANALYSIS,3551-3565
tests\unity\test\tests\testunity.c,testHEX64sNotWithinDeltaEvenThoughASignedIntWouldPass,False,,The function is a test function that uses assertions and macros. No security vulnerability is apparent.,LLM_ANALYSIS,3605-3614
tests\unity\test\tests\testunity.c,testNotEqualHex64s,False,,"The function is a test case that checks for an assertion failure when comparing two different 64-bit values. It does not perform any unsafe operations, memory access, or input handling.",LLM_ANALYSIS,3519-3533
tests\unity\test\tests\testunity.c,testNotEqualUint64s,False,,The function is a test function that checks equality between two 64-bit unsigned integers. It uses conditional compilation to skip the test if 64-bit support is not available.,LLM_ANALYSIS,3535-3549
tests\unity\test\tests\testunity.c,testHEX64sNotWithinDelta,False,,The function appears to be a test case that checks the behavior of a 64-bit assertion macro. It does not contain any security vulnerabilities.,LLM_ANALYSIS,3594-3603
tests\unity\test\tests\testunity.c,testHEX64sWithinDelta,False,,The function contains only test assertions and no security-relevant operations. No vulnerabilities detected.,LLM_ANALYSIS,3583-3592
tests\unity\test\tests\testunity.c,testUINT64sNotWithinDelta,False,,"The function contains test assertions and conditional compilation directives, but no security vulnerability was identified.",LLM_ANALYSIS,3627-3636
tests\unity\test\tests\testunity.c,testUINT64sNotWithinDeltaEvenThoughASignedIntWouldPass,False,,"The function is a test function that uses Unity test framework macros. It does not perform any security-sensitive operations, input handling, or memory management.",LLM_ANALYSIS,3638-3647
tests\unity\test\tests\testunity.c,testINT64sNotWithinDeltaAndDifferenceOverflows,False,,The function is a test case that checks the behavior of TEST_ASSERT_INT64_WITHIN with boundary values. It does not contain any security vulnerabilities.,LLM_ANALYSIS,3671-3680
tests\unity\test\tests\testunity.c,testINT64sWithinDelta,False,,The function contains only test assertions and no security-relevant operations. No vulnerabilities detected.,LLM_ANALYSIS,3649-3658
tests\unity\test\tests\testunity.c,testINT64sNotWithinDelta,False,,The function contains only test assertions and conditional compilation directives. No security vulnerability is present.,LLM_ANALYSIS,3660-3669
tests\unity\test\tests\testunity.c,testEqualHEX64Arrays,False,,The function appears to be a test function using Unity test framework. It compares arrays of UNITY_UINT64 values using TEST_ASSERT_EQUAL_HEX64_ARRAY.,LLM_ANALYSIS,3682-3698
tests\unity\test\tests\testunity.c,testEqualUint64Arrays,False,,The function contains only test assertions comparing arrays of fixed size. No security vulnerabilities detected.,LLM_ANALYSIS,3700-3716
tests\unity\test\tests\testunity.c,testFloatsWithinDelta,False,,The function contains only test assertions with floating-point comparisons. No security vulnerabilities were identified.,LLM_ANALYSIS,3794-3804
tests\unity\test\tests\testunity.c,testEqualInt64Arrays,False,,"The function contains only test assertions comparing arrays of fixed size. No security vulnerabilities such as buffer overflows, out-of-bounds access, or memory safety issues were detected.",LLM_ANALYSIS,3718-3734
tests\unity\test\tests\testunity.c,testNotEqualInt64Arrays,False,,No security vulnerability detected. The function is a test case that compares two integer arrays and expects an assertion failure.,LLM_ANALYSIS,3779-3791
tests\unity\test\tests\testunity.c,testNotEqualHEX64Arrays2,False,,The function appears to be a test case for a unit testing framework (Unity). It uses UNITY_UINT64 arrays and a macro EXPECT_ABORT_BEGIN/VERIFY_FAILS_END to test that an assertion fails.,LLM_ANALYSIS,3751-3763
tests\unity\test\tests\testunity.c,testNotEqualUint64Arrays,False,,The function appears to be a test case for a unit testing framework (Unity). It compares two arrays of 64-bit unsigned integers and expects an assertion failure.,LLM_ANALYSIS,3765-3777
tests\unity\test\tests\testunity.c,testNotEqualHEX64Arrays1,False,,"The function appears to be a test case for a unit testing framework (Unity). It uses TEST_IGNORE() when 64-bit support is not enabled, and otherwise compares two arrays of 64-bit unsigned integers using TEST_ASSERT_EQUAL_HEX64_ARRAY.",LLM_ANALYSIS,3737-3749
tests\unity\test\tests\testunity.c,testFloatsNotEqualNegative1,False,,The function contains test assertions and conditional compilation directives. No security vulnerability was identified.,LLM_ANALYSIS,3840-3849
tests\unity\test\tests\testunity.c,testFloatsNotWithinDelta,False,,The function contains test assertions and conditional compilation directives. No security vulnerability is present.,LLM_ANALYSIS,3806-3815
tests\unity\test\tests\testunity.c,testFloatsNotEqual,False,,"The function contains test assertions and conditional compilation directives, but no security vulnerabilities were identified.",LLM_ANALYSIS,3829-3838
tests\unity\test\tests\testunity.c,testFloatsNotEqualNegative2,False,,The function contains test assertions and conditional compilation directives. No security vulnerability was identified.,LLM_ANALYSIS,3851-3860
tests\unity\test\tests\testunity.c,testFloatsEqual,False,,The function contains only test assertions comparing floating-point values. No security vulnerabilities were identified.,LLM_ANALYSIS,3817-3827
tests\unity\test\tests\testunity.c,testFloatsNotEqualActualNaN,False,,"The function contains a division by zero (0.0f / f_zero) which is undefined behavior in C/C++. However, this appears to be a test case that intentionally triggers an abort/assertion failure, as indicated by the EXPECT_ABORT_BEGIN and VERIFY_FAILS_END macros.",LLM_ANALYSIS,3862-3871
tests\unity\test\tests\testunity.c,testFloatsNotEqualExpectedNaN,False,,"The function contains a division by zero (0.0f / f_zero) which is undefined behavior in C/C++. However, this appears to be a test case intentionally checking for assertion failures, and the division is guarded by a preprocessor check for floating-point support.",LLM_ANALYSIS,3873-3882
tests\unity\test\tests\testunity.c,testFloatsEqualBothNaN,False,,"The function performs a division by zero (0.0f / f_zero) which is undefined behavior in C/C++ and could lead to floating-point exceptions or unexpected results. However, this is a test function that intentionally tests division by zero behavior, and the result is compared with itself, which is a NaN",LLM_ANALYSIS,3884-3891
tests\unity\test\tests\testunity.c,testFloatsNotEqualActualInf,False,,The function is a test function that checks for an expected abort when dividing by zero. It does not perform any unsafe operations or introduce security vulnerabilities.,LLM_ANALYSIS,3915-3924
tests\unity\test\tests\testunity.c,testFloatsEqualBothInf,False,,"The function performs a division by zero (1.0f / f_zero) which results in undefined behavior in C/C++ for floating-point types. However, this is a test assertion and the division is not used in a security-sensitive context.",LLM_ANALYSIS,3937-3944
tests\unity\test\tests\testunity.c,testFloatsNotEqualInfNaN,False,,"The function contains a division by zero (1.0f / f_zero) which is undefined behavior in C/C++. However, this appears to be a test case intentionally checking for assertion failures, and the division is guarded by a preprocessor check for floating-point support.",LLM_ANALYSIS,3893-3902
tests\unity\test\tests\testunity.c,testFloatsNotEqualExpectedInf,False,,"The function contains a division by zero (1.0f / f_zero) which could lead to undefined behavior or a floating-point exception, but it is wrapped in a test macro (EXPECT_ABORT_BEGIN/VERIFY_FAILS_END) that likely expects and handles the abort. No security vulnerability is identified in this context.",LLM_ANALYSIS,3926-3935
tests\unity\test\tests\testunity.c,testFloatsNotEqualNaNInf,False,,"The function contains a division by zero (0.0f / f_zero and 1.0f / f_zero) which is undefined behavior in C/C++. However, the code is part of a test framework (Unity) and explicitly expects an abort or failure (EXPECT_ABORT_BEGIN/VERIFY_FAILS_END).",LLM_ANALYSIS,3904-3913
tests\unity\test\tests\testunity.c,testFloatIsPosInf1,False,,"The function divides by a variable f_zero, which could be zero, but the division is guarded by a test macro and the result is used in a test assertion. This is not a security vulnerability in the context of a test function; it is a deliberate test case.",LLM_ANALYSIS,3957-3964
tests\unity\test\tests\testunity.c,testFloatsNotEqualPlusMinusInf,False,,The function is a test function that checks for an expected abort when comparing floating-point values involving division by zero. It does not perform any unsafe operations or introduce security vulnerabilities.,LLM_ANALYSIS,3946-3955
tests\unity\test\tests\testunity.c,testFloatIsNegInf1,False,,"The function divides by zero, but the result is used in a test assertion that expects negative infinity. This is intentional behavior for testing floating-point division by zero, and no security vulnerability is present.",LLM_ANALYSIS,3977-3984
tests\unity\test\tests\testunity.c,testFloatIsPosInf2,False,,The function is a test function that conditionally ignores or tests an assertion. It does not contain security vulnerabilities.,LLM_ANALYSIS,3966-3975
tests\unity\test\tests\testunity.c,testFloatIsNotPosInf1,False,,The function contains test assertions and conditional compilation directives. No security vulnerability detected.,LLM_ANALYSIS,3997-4006
tests\unity\test\tests\testunity.c,testFloatIsNegInf2,False,,The function appears to be a test case that intentionally triggers an assertion failure (EXPECT_ABORT_BEGIN/VERIFY_FAILS_END) to verify behavior. No security vulnerability is evident.,LLM_ANALYSIS,3986-3995
tests\unity\test\tests\testunity.c,testFloatIsNotPosInf2,False,,"The function contains no security vulnerabilities. It conditionally ignores the test or asserts that a float is not infinity, which is a standard test assertion and does not involve any unsafe operations.",LLM_ANALYSIS,4008-4015
tests\unity\test\tests\testunity.c,testFloatIsNotNan2,False,,"The function contains no security vulnerabilities. It conditionally ignores the test or asserts that a float is not NaN, which is a standard test assertion and does not introduce security risks.",LLM_ANALYSIS,4059-4066
tests\unity\test\tests\testunity.c,testFloatIsNan1,False,,"The function does not contain a security vulnerability. It conditionally ignores the test or asserts that a division by zero yields NaN, which is a test behavior and not a security issue.",LLM_ANALYSIS,4028-4035
tests\unity\test\tests\testunity.c,testFloatIsNotNegInf,False,,The function contains only test assertions and conditional compilation directives. No security vulnerabilities were identified.,LLM_ANALYSIS,4017-4026
tests\unity\test\tests\testunity.c,testFloatIsNotNan1,False,,"The function contains test assertions and conditional compilation directives, but no security vulnerability was identified.",LLM_ANALYSIS,4048-4057
tests\unity\test\tests\testunity.c,testFloatIsDeterminate1,False,,The function contains only test assertions and conditional compilation directives. No security vulnerabilities were identified.,LLM_ANALYSIS,4090-4099
tests\unity\test\tests\testunity.c,testFloatIsNan2,False,,"The function contains a division by zero (0.0f / f_zero) which is undefined behavior in C/C++. However, this is within a test assertion macro (TEST_ASSERT_FLOAT_IS_NOT_NAN) and is likely intended to test NaN handling.",LLM_ANALYSIS,4037-4046
tests\unity\test\tests\testunity.c,testFloatInfIsNotNan,False,,"The function uses a division by zero (1.0f / f_zero) which is undefined behavior in C/C++ and could lead to a floating-point exception or unexpected results. However, this appears to be a test function that intentionally triggers this behavior to verify that the test framework catches it (as part of",LLM_ANALYSIS,4068-4077
tests\unity\test\tests\testunity.c,testFloatIsDeterminate2,False,,The function contains only test assertions and conditional compilation directives. No security vulnerabilities were identified.,LLM_ANALYSIS,4101-4110
tests\unity\test\tests\testunity.c,testFloatIsNotDeterminate1,False,,"The function performs division by zero, which is undefined behavior in C/C++ and could lead to security issues such as crashes or unexpected behavior. However, the code appears to be a test function that intentionally tests division by zero, and the result is not used in a security-sensitive context",LLM_ANALYSIS,4112-4121
tests\unity\test\tests\testunity.c,testFloatNanIsNotInf,False,,"The function contains a division by zero (0.0f / f_zero) which is undefined behavior in C/C++. However, this appears to be a test case intentionally checking for an assertion failure (EXPECT_ABORT_BEGIN/VERIFY_FAILS_END).",LLM_ANALYSIS,4079-4088
tests\unity\test\tests\testunity.c,testFloatTraitFailsOnInvalidTrait,False,,The function appears to be a test function that intentionally triggers an assertion failure to verify behavior. No security vulnerability detected.,LLM_ANALYSIS,4134-4143
tests\unity\test\tests\testunity.c,testFloatIsNotDeterminate2,False,,"The function contains a division by zero (1.0f / f_zero) which is undefined behavior in C/C++. However, the code is part of a test framework (Unity) and the division is intentionally used to trigger an expected failure, as indicated by EXPECT_ABORT_BEGIN and VERIFY_FAILS_END.",LLM_ANALYSIS,4123-4132
tests\unity\test\tests\testunity.c,testEqualFloatArrays,False,,"No security vulnerability detected. The function only performs test assertions on float arrays with fixed sizes and does not involve any unsafe operations such as buffer overflows, unchecked memory access, or external input handling.",LLM_ANALYSIS,4146-4163
tests\unity\test\tests\testunity.c,testNotEqualFloatArraysActualNull,False,,"The function does not contain a security vulnerability. It tests a NULL pointer with an assertion macro, which is expected to abort.",LLM_ANALYSIS,4179-4191
tests\unity\test\tests\testunity.c,testNotEqualFloatArraysExpectedNull,False,,"The function passes a NULL pointer to TEST_ASSERT_EQUAL_FLOAT_ARRAY, but this is within an EXPECT_ABORT_BEGIN/VERIFY_FAILS_END block, which is designed to test that the assertion fails (likely due to the NULL pointer). This is intentional test code, not a vulnerability.",LLM_ANALYSIS,4165-4177
tests\unity\test\tests\testunity.c,testNotEqualFloatArrays1,False,,The function does not contain any security vulnerabilities. It is a test function that compares two float arrays and expects an assertion failure.,LLM_ANALYSIS,4193-4205
tests\unity\test\tests\testunity.c,testNotEqualFloatArrays3,False,,The function appears to be a test case for a unit testing framework (Unity). It compares two float arrays and expects an assertion failure.,LLM_ANALYSIS,4221-4233
tests\unity\test\tests\testunity.c,testNotEqualFloatArraysNegative2,False,,The function does not contain any security vulnerabilities. It is a test function that compares two float arrays and expects an assertion failure.,LLM_ANALYSIS,4249-4261
tests\unity\test\tests\testunity.c,testNotEqualFloatArrays2,False,,The function does not contain any security vulnerabilities. It is a test function that compares two float arrays using a test assertion macro.,LLM_ANALYSIS,4207-4219
tests\unity\test\tests\testunity.c,testNotEqualFloatArraysNegative1,False,,The function contains no security vulnerabilities. It is a test function that compares two float arrays and expects an assertion failure.,LLM_ANALYSIS,4235-4247
tests\unity\test\tests\testunity.c,testEqualFloatArraysNaN,False,,The function does not contain any security vulnerabilities. It compares two float arrays using a test assertion.,LLM_ANALYSIS,4277-4287
tests\unity\test\tests\testunity.c,testNotEqualFloatArraysNegative3,False,,The function does not contain any security vulnerabilities. It is a test function that compares two float arrays and expects an assertion failure.,LLM_ANALYSIS,4263-4275
tests\unity\test\tests\testunity.c,testEqualFloatEachEqual,False,,"The function uses fixed-size arrays and passes explicit lengths to TEST_ASSERT_EACH_EQUAL_FLOAT, which are within bounds. No memory safety or other security vulnerabilities detected.",LLM_ANALYSIS,4315-4331
tests\unity\test\tests\testunity.c,testNotEqualFloatEachEqual2,False,,"The function uses TEST_ASSERT_EACH_EQUAL_FLOAT with a valid array and length, and the EXPECT_ABORT_BEGIN/VERIFY_FAILS_END macros are used for testing expected failures. No security vulnerability is present.",LLM_ANALYSIS,4359-4370
tests\unity\test\tests\testunity.c,testNotEqualFloatArraysLengthZero,False,,"The function does not contain any security vulnerabilities. It is a test function that checks the behavior of TEST_ASSERT_EQUAL_FLOAT_ARRAY with a zero-length array, which is a valid edge case.",LLM_ANALYSIS,4301-4313
tests\unity\test\tests\testunity.c,testEqualFloatArraysInf,False,,The function does not contain any security vulnerabilities. It only compares two float arrays using a test assertion.,LLM_ANALYSIS,4289-4299
tests\unity\test\tests\testunity.c,testNotEqualFloatEachEqualActualNull,False,,"The function intentionally tests a null pointer dereference scenario within a test framework (Unity) using EXPECT_ABORT_BEGIN/VERIFY_FAILS_END macros. This is a deliberate test case to verify that the assertion macro handles null pointers correctly, not a vulnerability in production code.",LLM_ANALYSIS,4333-4344
tests\unity\test\tests\testunity.c,testNotEqualFloatEachEqual3,False,,The function does not contain any security vulnerabilities. It is a test function that checks float array equality and is guarded by a preprocessor directive.,LLM_ANALYSIS,4372-4383
tests\unity\test\tests\testunity.c,testNotEqualFloatEachEqual1,False,,"The function appears to be a test function that checks the behavior of a test assertion macro. It does not contain any security vulnerabilities such as buffer overflows, memory corruption, or unsafe operations.",LLM_ANALYSIS,4346-4357
tests\unity\test\tests\testunity.c,testNotEqualFloatEachEqualNegative1,False,,"The function uses TEST_ASSERT_EACH_EQUAL_FLOAT to compare each element of the array p0 against the expected value -0.253f. The array has 4 elements, and the length parameter is correctly set to 4.",LLM_ANALYSIS,4385-4396
tests\unity\test\tests\testunity.c,testNotEqualFloatEachEqualLengthZero,False,,The function is a test case that checks for an assertion failure when passing a zero length to TEST_ASSERT_EACH_EQUAL_FLOAT. No security vulnerability is present.,LLM_ANALYSIS,4446-4457
tests\unity\test\tests\testunity.c,testNotEqualFloatEachEqualNegative3,False,,The function appears to be a test case for a unit testing framework (Unity). It uses preprocessor directives to conditionally ignore the test when floating-point support is disabled.,LLM_ANALYSIS,4411-4422
tests\unity\test\tests\testunity.c,testNotEqualFloatEachEqualNegative2,False,,The function appears to be a test function that checks an assertion. No security vulnerabilities were identified.,LLM_ANALYSIS,4398-4409
tests\unity\test\tests\testunity.c,testEqualFloatEachEqualInf,False,,"The code uses division by f_zero which may be zero, but this is a test function and the division is by a constant that is likely intended to be zero to test floating-point behavior. No security vulnerability is present.",LLM_ANALYSIS,4435-4444
tests\unity\test\tests\testunity.c,testEqualFloatEachEqualNaN,False,,"The function uses division by zero (0.0f / f_zero) which is undefined behavior in C/C++ and may lead to floating-point exceptions or unexpected results. However, this appears to be a test function that intentionally uses NaN values for testing purposes, and the division by zero is guarded by a pre-1",LLM_ANALYSIS,4424-4433
tests\unity\test\tests\testunity.c,testFloatPrintingInfinityAndNaN,False,,"No security vulnerability detected. The function is a test function that checks floating-point output formatting, and the operations (division by zero) are intentional for testing infinity and NaN handling.",LLM_ANALYSIS,4512-4522
tests\unity\test\tests\testunity.c,printFloatValue,True,CWE-120,"[CWE-120] The function uses sprintf with a fixed-size buffer and a format string that can produce more than 18 characters for large float values (e.g., 1e+20 is 5 characters, but values like 1.23457e+20 are 11 characters; however, the maximum length for %.6g is 13 characters for scientific notation, plus null",LLM_ANALYSIS,4525-4554
tests\unity\test\tests\testunity.c,testFloatPrinting,False,,"The function contains only test assertions comparing floating-point values to expected string representations. No security vulnerabilities such as buffer overflows, format string issues, or memory corruption are present.",LLM_ANALYSIS,4464-4510
tests\unity\test\tests\testunity.c,testDoublesWithinDelta,False,,The function contains only test assertions with fixed double values and no security-relevant operations. No vulnerability detected.,LLM_ANALYSIS,4585-4595
tests\unity\test\tests\testunity.c,testDoublesNotEqual,False,,"The function contains test assertions and conditional compilation directives, but no security vulnerabilities were identified.",LLM_ANALYSIS,4621-4630
tests\unity\test\tests\testunity.c,testDoublesEqual,False,,The function contains only test assertions comparing double values. No security vulnerabilities were identified.,LLM_ANALYSIS,4609-4619
tests\unity\test\tests\testunity.c,testDoublesNotEqualNegative2,False,,The function contains only test assertions and conditional compilation directives. No security vulnerabilities detected.,LLM_ANALYSIS,4643-4652
tests\unity\test\tests\testunity.c,testDoublesNotEqualActualNaN,False,,"The function contains a division by zero (0.0 / d_zero) which may cause undefined behavior, but it is wrapped in a test macro (EXPECT_ABORT_BEGIN/VERIFY_FAILS_END) that likely expects an abort or failure. This is a test scenario, not a security vulnerability in production code.",LLM_ANALYSIS,4654-4663
tests\unity\test\tests\testunity.c,testDoublesNotEqualExpectedNaN,False,,"The function contains a division by zero (0.0 / d_zero) which is undefined behavior in C/C++. However, this appears to be intentional for testing purposes, as it is wrapped in EXPECT_ABORT_BEGIN/VERIFY_FAILS_END macros, likely from a unit testing framework (Unity).",LLM_ANALYSIS,4665-4674
tests\unity\test\tests\testunity.c,testDoublesNotWithinDelta,False,,The function contains only test assertions and conditional compilation directives. No security vulnerabilities detected.,LLM_ANALYSIS,4597-4606
tests\unity\test\tests\testunity.c,testDoublesEqualBothNaN,False,,"The function performs a division by zero (0.0 / d_zero) which is undefined behavior in C/C++ and could lead to unexpected results or crashes. However, this appears to be a test assertion comparing two identical expressions, and the division by zero is intentional for testing purposes.",LLM_ANALYSIS,4676-4683
tests\unity\test\tests\testunity.c,testDoublesNotEqualInfNaN,False,,"The function contains a division by zero (1.0 / d_zero and 0.0 / d_zero) which is undefined behavior in C/C++. However, this appears to be a test function that intentionally triggers an abort/assertion failure to verify test behavior.",LLM_ANALYSIS,4685-4694
tests\unity\test\tests\testunity.c,testDoublesNotEqualNegative1,False,,The function contains only test assertions and conditional compilation directives. No security vulnerabilities were identified.,LLM_ANALYSIS,4632-4641
tests\unity\test\tests\testunity.c,testFloatPrintingRandomSamples,False,,"The function uses a union to reinterpret the bit pattern of a float, which is implementation-defined behavior in C/C++. However, this is a common technique for testing float representations and does not directly introduce a security vulnerability.",LLM_ANALYSIS,4557-4581
tests\unity\test\tests\testunity.c,testDoublesNotEqualNaNInf,False,,"The code contains a division by zero (0.0 / d_zero and 1.0 / d_zero) which is undefined behavior in C/C++. However, this appears to be a test function that intentionally triggers a floating-point exception to verify that the test framework aborts.",LLM_ANALYSIS,4696-4705
tests\unity\test\tests\testunity.c,testDoubleIsPosInf1,False,,"The function uses a division by zero (2.0 / d_zero) which is undefined behavior in C/C++ and could lead to a floating-point exception or crash. However, the code is guarded by a preprocessor directive that ignores the test when UNITY_EXCLUDE_DOUBLE is defined, and the division is inside a test macro",LLM_ANALYSIS,4749-4756
tests\unity\test\tests\testunity.c,testDoublesNotEqualExpectedInf,False,,"The function contains a division by zero (1.0 / d_zero) which could be a runtime error, but it is wrapped in a test macro (EXPECT_ABORT_BEGIN/VERIFY_FAILS_END) that expects an abort, and the code is guarded by UNITY_EXCLUDE_DOUBLE. This appears to be a test case for verifying behavior, not a general",LLM_ANALYSIS,4718-4727
tests\unity\test\tests\testunity.c,testDoublesNotEqualActualInf,False,,The function appears to be a test case that intentionally triggers an assertion failure (EXPECT_ABORT_BEGIN/VERIFY_FAILS_END) to verify behavior. No security vulnerability is evident.,LLM_ANALYSIS,4707-4716
tests\unity\test\tests\testunity.c,testDoublesEqualBothInf,False,,"The function compares two identical expressions (1.0 / d_zero) which will always be equal, but this is a test assertion and not a security vulnerability. No CWE is applicable.",LLM_ANALYSIS,4729-4736
tests\unity\test\tests\testunity.c,testDoubleIsNegInf2,False,,"The function appears to be a test function that checks for an expected abort when asserting a double is not negative infinity. The division by zero is intentional and guarded by the test framework's EXPECT_ABORT_BEGIN/VERIFY_FAILS_END macros, which are designed to catch such behavior.",LLM_ANALYSIS,4778-4787
tests\unity\test\tests\testunity.c,testDoublesNotEqualPlusMinusInf,False,,"The function contains a division by zero (1.0 / d_zero and -1.0 / d_zero) which is undefined behavior in C/C++. However, this is a test function that explicitly expects an abort (EXPECT_ABORT_BEGIN/VERIFY_FAILS_END) and is guarded by UNITY_EXCLUDE_DOUBLE.",LLM_ANALYSIS,4738-4747
tests\unity\test\tests\testunity.c,testDoubleIsNotPosInf1,False,,The function contains test assertions and conditional compilation directives. No security vulnerabilities were identified.,LLM_ANALYSIS,4789-4798
tests\unity\test\tests\testunity.c,testDoubleIsPosInf2,False,,"The function contains a division by zero (2.0 / d_zero) which could lead to undefined behavior or a floating-point exception, but it is wrapped in a test macro (EXPECT_ABORT_BEGIN/VERIFY_FAILS_END) that likely expects an abort or failure. This is a test function, not production code, and the intent,",LLM_ANALYSIS,4758-4767
tests\unity\test\tests\testunity.c,testDoubleIsNegInf1,False,,"The code uses a division by zero (d_zero) which is undefined behavior in C/C++ and could lead to a floating-point exception or crash. However, this appears to be a test function that intentionally tests for negative infinity, and the division by zero is likely expected to produce -inf.",LLM_ANALYSIS,4769-4776
tests\unity\test\tests\testunity.c,testDoubleIsNotPosInf2,False,,"The function contains no security vulnerabilities. It is a test function that either ignores the test or asserts a double value is not infinity, which is a standard unit test operation.",LLM_ANALYSIS,4800-4807
tests\unity\test\tests\testunity.c,testDoubleIsNotNan1,False,,The function contains only test assertions and conditional compilation directives. No security vulnerabilities were identified.,LLM_ANALYSIS,4840-4849
tests\unity\test\tests\testunity.c,testDoubleIsNotNegInf,False,,The function contains test assertions and conditional compilation directives. No security vulnerabilities were identified.,LLM_ANALYSIS,4809-4818
tests\unity\test\tests\testunity.c,testDoubleIsNotNan2,False,,The function contains no security vulnerabilities. It is a test function that either ignores the test when double support is excluded or asserts that a constant double is not NaN.,LLM_ANALYSIS,4851-4858
tests\unity\test\tests\testunity.c,testDoubleIsDeterminate1,False,,The function contains only test assertions and conditional compilation directives. No security vulnerabilities were identified.,LLM_ANALYSIS,4882-4891
tests\unity\test\tests\testunity.c,testDoubleIsNan2,False,,"The function contains a division by zero (0.0 / d_zero) which is undefined behavior in C/C++. However, the code is part of a test framework (Unity) and the division is intentionally used to trigger a NaN for testing purposes.",LLM_ANALYSIS,4829-4838
tests\unity\test\tests\testunity.c,testDoubleIsNan1,False,,"The code uses a division by zero (0.0 / d_zero) which is undefined behavior in C/C++ and could lead to a floating-point exception or unexpected results. However, this appears to be a test assertion for NaN, and the division by zero is intentional to produce NaN.",LLM_ANALYSIS,4820-4827
tests\unity\test\tests\testunity.c,testDoubleInfIsNotNan,False,,"The function appears to be a test case that intentionally triggers an assertion failure (EXPECT_ABORT_BEGIN/VERIFY_FAILS_END) to verify that TEST_ASSERT_DOUBLE_IS_NAN correctly fails when given a non-NaN value. The division by d_zero is likely a constant zero used to produce a NaN or infinity, but d",LLM_ANALYSIS,4860-4869
tests\unity\test\tests\testunity.c,testDoubleNanIsNotInf,False,,"The function appears to be a test case that intentionally triggers an assertion failure (EXPECT_ABORT_BEGIN/VERIFY_FAILS_END) to verify behavior. The division by zero (0.0 / d_zero) is part of the test and is expected to produce infinity, which is then checked.",LLM_ANALYSIS,4871-4880
tests\unity\test\tests\testunity.c,testDoubleIsDeterminate2,False,,"The function contains no security vulnerabilities. It is a test function that conditionally ignores or asserts based on a preprocessor definition, with no memory operations, input handling, or security-relevant logic.",LLM_ANALYSIS,4893-4902
tests\unity\test\tests\testunity.c,testDoubleIsNotDeterminate1,False,,"The function performs division by zero, but the result is used in a test assertion that expects a non-determinate value (e.g., NaN or infinity). This is intentional for testing floating-point behavior and does not constitute a security vulnerability.",LLM_ANALYSIS,4904-4913
tests\unity\test\tests\testunity.c,testDoubleTraitFailsOnInvalidTrait,False,,"The function appears to be a test case for Unity test framework, checking that UnityAssertDoubleSpecial aborts on invalid trait. No security vulnerability detected.",LLM_ANALYSIS,4926-4935
tests\unity\test\tests\testunity.c,testNotEqualDoubleArraysExpectedNull,False,,"The function passes a NULL pointer to TEST_ASSERT_EQUAL_DOUBLE_ARRAY, but this is within an EXPECT_ABORT_BEGIN/VERIFY_FAILS_END block, which is designed to test that the assertion fails (likely due to the NULL pointer). This is intentional test code, not a vulnerability.",LLM_ANALYSIS,4956-4968
tests\unity\test\tests\testunity.c,testNotEqualDoubleArrays1,False,,The function appears to be a test case for a unit testing framework (Unity). It compares two double arrays with slightly different values and expects an assertion failure.,LLM_ANALYSIS,4984-4996
tests\unity\test\tests\testunity.c,testDoubleIsNotDeterminate2,False,,"The function contains a division by zero (-1.0 / d_zero) which is undefined behavior in C/C++. However, this appears to be a test case intentionally checking for an abort or failure, and the division is guarded by EXPECT_ABORT_BEGIN/VERIFY_FAILS_END macros.",LLM_ANALYSIS,4915-4924
tests\unity\test\tests\testunity.c,testNotEqualDoubleArrays3,False,,The function compares two double arrays using a test assertion macro. No security vulnerability is present.,LLM_ANALYSIS,5012-5024
tests\unity\test\tests\testunity.c,testNotEqualDoubleArrays2,False,,"The function does not contain any security vulnerabilities. It is a test function that compares two double arrays and expects an abort, which is a normal testing pattern.",LLM_ANALYSIS,4998-5010
tests\unity\test\tests\testunity.c,testNotEqualDoubleArraysActualNull,False,,"The function passes a NULL pointer to TEST_ASSERT_EQUAL_DOUBLE_ARRAY, but this is within an EXPECT_ABORT_BEGIN/VERIFY_FAILS_END block, which is a test macro that expects an assertion failure. This is intentional test code, not a vulnerability.",LLM_ANALYSIS,4970-4982
tests\unity\test\tests\testunity.c,testNotEqualDoubleArraysNegative3,False,,"The function appears to be a test case for a unit testing framework, comparing two double arrays. No security vulnerabilities were identified in the provided code.",LLM_ANALYSIS,5054-5066
tests\unity\test\tests\testunity.c,testEqualDoubleArraysNaN,False,,"The function does not contain any security vulnerabilities. It uses division by zero (0.0 / d_zero) which is undefined behavior in C/C++ and may cause runtime errors, but this is a logic/robustness issue, not a security vulnerability.",LLM_ANALYSIS,5068-5078
tests\unity\test\tests\testunity.c,testNotEqualDoubleArraysNegative1,False,,"The function compares two double arrays with a tolerance-based assertion (TEST_ASSERT_EQUAL_DOUBLE_ARRAY). The values differ only in the last digit (0.2566666667 vs 0.2566666666), which may be within the default tolerance for double comparison.",LLM_ANALYSIS,5026-5038
tests\unity\test\tests\testunity.c,testNotEqualDoubleArraysNegative2,False,,The function contains no security vulnerabilities. It is a test function that compares two double arrays and expects an abort due to assertion failure.,LLM_ANALYSIS,5040-5052
tests\unity\test\tests\testunity.c,testEqualDoubleArrays,False,,"The function uses TEST_ASSERT_EQUAL_DOUBLE_ARRAY with fixed-size arrays and explicit lengths. The lengths are within the bounds of the arrays (1, 4, 3, 1), and NULL is handled with length 1, which is safe as the macro likely checks for NULL.",LLM_ANALYSIS,4937-4954
tests\unity\test\tests\testunity.c,testNotEqualDoubleEachEqualActualNull,False,,"The function passes a NULL pointer to TEST_ASSERT_EACH_EQUAL_DOUBLE, but this is a test assertion macro that is expected to handle NULL pointers by aborting the test. The code explicitly checks for this behavior with EXPECT_ABORT_BEGIN/VERIFY_FAILS_END.",LLM_ANALYSIS,5124-5135
tests\unity\test\tests\testunity.c,testEqualDoubleEachEqual,False,,"The function uses fixed-size arrays and passes explicit element counts to TEST_ASSERT_EACH_EQUAL_DOUBLE, which are within bounds. No memory safety or other security vulnerabilities detected.",LLM_ANALYSIS,5106-5122
tests\unity\test\tests\testunity.c,testEqualDoubleArraysInf,False,,"The function compares two double arrays for equality. The arrays contain a division by zero (1.0 / d_zero), which is undefined behavior in C/C++ and may lead to unexpected results, but this is not a security vulnerability in the context of this code.",LLM_ANALYSIS,5080-5090
tests\unity\test\tests\testunity.c,testNotEqualDoubleEachEqual1,False,,The function contains no security vulnerabilities. It is a test function that checks equality of double values and uses Unity test framework macros.,LLM_ANALYSIS,5137-5148
tests\unity\test\tests\testunity.c,testNotEqualDoubleEachEqualNegative1,False,,"The function uses TEST_ASSERT_EACH_EQUAL_DOUBLE to compare each element of the array p0 against -0.253. The array contains -1.0 and three -0.253 values, so the assertion will fail on the first element, which is the intended behavior for the test.",LLM_ANALYSIS,5176-5187
tests\unity\test\tests\testunity.c,testNotEqualDoubleEachEqual3,False,,"The function contains test assertions and does not appear to have security vulnerabilities. It uses a fixed-size array and a constant loop count, with no external input or memory operations that could lead to common CWEs.",LLM_ANALYSIS,5163-5174
tests\unity\test\tests\testunity.c,testNotEqualDoubleEachEqualNegative2,False,,"The function appears to be a test case for a unit testing framework (Unity). It uses TEST_IGNORE() when double is excluded, otherwise it defines an array of doubles and uses EXPECT_ABORT_BEGIN/VERIFY_FAILS_END to test that TEST_ASSERT_EACH_EQUAL_DOUBLE aborts when the values are not all equal.",LLM_ANALYSIS,5189-5200
tests\unity\test\tests\testunity.c,testNotEqualDoubleEachEqual2,False,,"The function contains no security vulnerabilities. It is a test function that checks an array of doubles for equality, with a conditional compilation guard for double support.",LLM_ANALYSIS,5150-5161
tests\unity\test\tests\testunity.c,testEqualDoubleEachEqualNaN,False,,"The function contains division by zero (0.0 / d_zero) which is undefined behavior in C/C++ and could lead to runtime errors or unexpected results. However, this appears to be intentional for testing NaN handling, and the code is guarded by UNITY_EXCLUDE_DOUBLE.",LLM_ANALYSIS,5215-5224
tests\unity\test\tests\testunity.c,testNotEqualDoubleArraysLengthZero,False,,The function appears to be a test function that checks the behavior of TEST_ASSERT_EQUAL_DOUBLE_ARRAY with a size of 0. No security vulnerabilities are evident in this code.,LLM_ANALYSIS,5092-5104
tests\unity\test\tests\testunity.c,testNotEqualDoubleEachEqualLengthZero,False,,"The function does not contain any security vulnerabilities. It is a test function that checks an assertion with a zero-length array, which is a logic/test issue rather than a security flaw.",LLM_ANALYSIS,5237-5248
tests\unity\test\tests\testunity.c,testNotEqualDoubleEachEqualNegative3,False,,"The provided code snippet does not contain any security vulnerabilities. It appears to be a test function that checks an array of doubles for equality with a specific value, and it includes a conditional compilation directive for environments that exclude double support.",LLM_ANALYSIS,5202-5213
tests\unity\test\tests\testunity.c,testEqualDoubleEachEqualInf,False,,"No security vulnerability found. The code is a test function that conditionally ignores the test when double precision is excluded, otherwise it asserts that the first two elements of an array are equal to a computed value.",LLM_ANALYSIS,5226-5235
tests\unity\test\tests\testunity.c,testDoublePrinting,False,,"The function contains only test assertions comparing floating-point values to expected string representations. No security vulnerabilities such as buffer overflows, integer overflows, or memory safety issues are present.",LLM_ANALYSIS,5250-5270
tests\unity\test\tests\testunity.c,testThatDetailsCanHandleTestFail,False,,"The function contains test assertions and conditional compilation directives, but no security vulnerabilities were identified. It does not handle untrusted input, perform unsafe memory operations, or exhibit insecure logic.",LLM_ANALYSIS,5299-5310
tests\unity\test\tests\testunity.c,testDoublePrintingInfinityAndNaN,False,,"The function does not contain any obvious security vulnerabilities. It performs floating-point operations (division by zero) which are well-defined in C for IEEE 754 floating-point types, and the results are used in test assertions.",LLM_ANALYSIS,5272-5282
tests\unity\test\tests\testunity.c,testThatDetailsCanBeHandleTwoDetails,False,,"The function contains test assertions and conditional compilation directives, but no security vulnerabilities were identified. It does not handle untrusted input, perform unsafe memory operations, or exhibit common CWE patterns.",LLM_ANALYSIS,5312-5323
tests\unity\test\tests\testunity.c,testThatDetailsCanBeHandleOneDetail,False,,"The function contains test assertions and conditional compilation directives, but no security vulnerabilities were identified. It does not handle untrusted input, perform unsafe memory operations, or exhibit common CWE patterns.",LLM_ANALYSIS,5286-5297
tests\unity\test\tests\testunity.c,testThatDetailsCanBeHandleSingleDetailClearingTwoDetails,False,,"The function appears to be a test function using Unity test framework macros. It does not contain any obvious security vulnerabilities such as buffer overflows, injection, or unsafe memory operations.",LLM_ANALYSIS,5325-5337
