file_path,func_name,has_CWE,cwe_id,analyzer_message,analyzer_type,line_range
cJSON.c,case_insensitive_strcmp,False,,No issues found by SAST,None,133-154
cJSON.c,update_offset,True,CWE-126,Does not handle strings that are not \0-terminated; if given one it may perform an over-read (it could cause a crash if unprotected) (CWE-126).,SAST_FLAWFINDER,576-586
cJSON.c,update_offset,True,,strlen,SAST_RATS,576-586
cJSON.c,parse_hex4,False,,No issues found by SAST,None,666-699
cJSON.c,suffix_object,False,,No issues found by SAST,None,1999-2003
cJSON.c,cast_away_const,False,,No issues found by SAST,None,2073-2076
cJSON.c,skip_oneline_comment,False,,No issues found by SAST,None,2875-2886
cJSON.c,skip_multiline_comment,False,,No issues found by SAST,None,2888-2900
cJSON.c,minify_string,False,,No issues found by SAST,None,2902-2922
cJSON_Utils.c,compare_strings,False,,No issues found by SAST,None,83-109
cJSON_Utils.c,pointer_encoded_length,False,,No issues found by SAST,None,157-170
cJSON_Utils.c,encode_string_as_pointer,False,,No issues found by SAST,None,173-196
cJSON_Utils.c,decode_pointer_inplace,False,,No issues found by SAST,None,359-390
cJSON_Utils.c,sort_object,False,,No issues found by SAST,None,595-602
cJSON_Utils.c,overwrite_item,True,CWE-120,Does not check for buffer overflows when copying to destination (CWE-120).,SAST_FLAWFINDER,784-805
cJSON_Utils.c,overwrite_item,True,,memcpy,SAST_RATS,784-805
cJSON_Utils.c,apply_patch,True,CWE-398,Variable 'path' can be declared as pointer to const,SAST_CPPCHECK,807-1036
cJSON_Utils.c,apply_patch,True,CWE-398,Variable 'from' can be declared as pointer to const,SAST_CPPCHECK,807-1036
cJSON_Utils.c,compose_patch,True,CWE-120,Does not check for buffer overflows (CWE-120).,SAST_FLAWFINDER,1096-1134
cJSON_Utils.c,compose_patch,True,,sprintf,SAST_RATS,1096-1134
cJSON_Utils.c,compose_patch,True,CWE-126,Does not handle strings that are not \0-terminated; if given one it may perform an over-read (it could cause a crash if unprotected) (CWE-126).,SAST_FLAWFINDER,1096-1134
cJSON_Utils.c,compose_patch,True,,strlen,SAST_RATS,1096-1134
cJSON_Utils.c,create_patches,True,CWE-120,Does not check for buffer overflows (CWE-120).,SAST_FLAWFINDER,1141-1279
cJSON_Utils.c,create_patches,True,,sprintf,SAST_RATS,1141-1279
cJSON_Utils.c,create_patches,True,CWE-126,Does not handle strings that are not \0-terminated; if given one it may perform an over-read (it could cause a crash if unprotected) (CWE-126).,SAST_FLAWFINDER,1141-1279
cJSON_Utils.c,create_patches,True,,strlen,SAST_RATS,1141-1279
test.c,print_preallocated,True,CWE-126,Does not handle strings that are not \0-terminated; if given one it may perform an over-read (it could cause a crash if unprotected) (CWE-126).,SAST_FLAWFINDER,43-106
test.c,print_preallocated,True,,strlen,SAST_RATS,43-106
test.c,print_preallocated,True,,printf,SAST_RATS,43-106
test.c,create_objects,True,CWE-398,The scope of the variable 'fld' can be reduced.,SAST_CPPCHECK,109-257
test.c,create_objects,True,CWE-398,Variable 'ids' can be declared as const array,SAST_CPPCHECK,109-257
test.c,create_objects,True,CWE-398,Variable 'fields' can be declared as const array,SAST_CPPCHECK,109-257
test.c,create_objects,True,CWE-119,"Statically-sized arrays can be improperly restricted, leading to potential overflows or other issues (CWE-119!/CWE-120).",SAST_FLAWFINDER,109-257
fuzzing\afl.c,main,True,,printf,SAST_RATS,85-176
fuzzing\cjson_read_fuzzer.c,LLVMFuzzerTestOneInput,True,CWE-398,The scope of the variable 'copied' can be reduced.,SAST_CPPCHECK,13-72
fuzzing\cjson_read_fuzzer.c,LLVMFuzzerTestOneInput,True,CWE-120,Does not check for buffer overflows when copying to destination (CWE-120).,SAST_FLAWFINDER,13-72
fuzzing\cjson_read_fuzzer.c,LLVMFuzzerTestOneInput,True,,memcpy,SAST_RATS,13-72
fuzzing\fuzz_main.c,LLVMFuzzerTestOneInput,False,,No issues found by SAST,None,5-6
fuzzing\fuzz_main.c,main,True,CWE-362,"Check when opening files - can an attacker redirect it (via symlinks), force the opening of special file type (e.g., device files), move things around to create a race condition, control its ancestors, or change its contents? (CWE-362).",SAST_FLAWFINDER,9-54
fuzzing\fuzz_main.c,main,True,,fopen,SAST_RATS,9-54
fuzzing\fuzz_main.c,main,True,,fprintf,SAST_RATS,9-54
fuzzing\fuzz_main.c,main,True,,fread,SAST_RATS,9-54
tests\cjson_add.c,cjson_add_null_should_add_null,True,CWE-476,"Either the condition '((null=cJSON_GetObjectItemCaseSensitive(root,""null"")))!=NULL' is redundant or there is possible null pointer dereference: null.",SAST_CPPCHECK,48-59
tests\cjson_add.c,cjson_add_null_should_add_null,True,CWE-398,Variable 'null' can be declared as pointer to const,SAST_CPPCHECK,48-59
tests\cjson_add.c,cjson_add_null_should_fail_with_null_pointers,False,,No issues found by SAST,None,61-69
tests\cjson_add.c,cjson_add_null_should_fail_on_allocation_failure,False,,No issues found by SAST,None,71-82
tests\cjson_add.c,cjson_add_true_should_add_true,True,CWE-476,"Either the condition '((true_item=cJSON_GetObjectItemCaseSensitive(root,""true"")))!=NULL' is redundant or there is possible null pointer dereference: true_item.",SAST_CPPCHECK,84-95
tests\cjson_add.c,cjson_add_true_should_add_true,True,CWE-398,Variable 'true_item' can be declared as pointer to const,SAST_CPPCHECK,84-95
tests\cjson_add.c,cjson_add_true_should_fail_with_null_pointers,False,,No issues found by SAST,None,97-105
tests\cjson_add.c,cjson_add_true_should_fail_on_allocation_failure,False,,No issues found by SAST,None,107-118
tests\cjson_add.c,cjson_create_int_array_should_fail_on_allocation_failure,True,CWE-398,Variable 'numbers' can be declared as const array,SAST_CPPCHECK,120-129
tests\cjson_add.c,cjson_create_float_array_should_fail_on_allocation_failure,True,CWE-398,Variable 'numbers' can be declared as const array,SAST_CPPCHECK,131-140
tests\cjson_add.c,cjson_create_double_array_should_fail_on_allocation_failure,True,CWE-398,Variable 'numbers' can be declared as const array,SAST_CPPCHECK,142-151
tests\cjson_add.c,cjson_create_string_array_should_fail_on_allocation_failure,False,,No issues found by SAST,None,153-162
tests\cjson_add.c,cjson_add_false_should_add_false,True,CWE-476,"Either the condition '((false_item=cJSON_GetObjectItemCaseSensitive(root,""false"")))!=NULL' is redundant or there is possible null pointer dereference: false_item.",SAST_CPPCHECK,164-175
tests\cjson_add.c,cjson_add_false_should_add_false,True,CWE-398,Variable 'false_item' can be declared as pointer to const,SAST_CPPCHECK,164-175
tests\cjson_add.c,cjson_add_false_should_fail_with_null_pointers,False,,No issues found by SAST,None,177-185
tests\cjson_add.c,cjson_add_false_should_fail_on_allocation_failure,False,,No issues found by SAST,None,187-198
tests\cjson_add.c,cjson_add_bool_should_add_bool,True,CWE-476,"Either the condition '((true_item=cJSON_GetObjectItemCaseSensitive(root,""true"")))!=NULL' is redundant or there is possible null pointer dereference: true_item.",SAST_CPPCHECK,200-217
tests\cjson_add.c,cjson_add_bool_should_add_bool,True,CWE-476,"Either the condition '((false_item=cJSON_GetObjectItemCaseSensitive(root,""false"")))!=NULL' is redundant or there is possible null pointer dereference: false_item.",SAST_CPPCHECK,200-217
tests\cjson_add.c,cjson_add_bool_should_add_bool,True,CWE-398,Variable 'true_item' can be declared as pointer to const,SAST_CPPCHECK,200-217
tests\cjson_add.c,cjson_add_bool_should_add_bool,True,CWE-398,Variable 'false_item' can be declared as pointer to const,SAST_CPPCHECK,200-217
tests\cjson_add.c,cjson_add_bool_should_fail_with_null_pointers,False,,No issues found by SAST,None,219-227
tests\cjson_add.c,cjson_add_bool_should_fail_on_allocation_failure,False,,No issues found by SAST,None,229-240
tests\cjson_add.c,cjson_add_number_should_add_number,True,CWE-476,"Either the condition '((number=cJSON_GetObjectItemCaseSensitive(root,""number"")))!=NULL' is redundant or there is possible null pointer dereference: number.",SAST_CPPCHECK,242-256
tests\cjson_add.c,cjson_add_number_should_add_number,True,CWE-398,Variable 'number' can be declared as pointer to const,SAST_CPPCHECK,242-256
tests\cjson_add.c,cjson_add_number_should_fail_with_null_pointers,False,,No issues found by SAST,None,258-266
tests\cjson_add.c,cjson_add_number_should_fail_on_allocation_failure,False,,No issues found by SAST,None,268-279
tests\cjson_add.c,cjson_add_string_should_add_string,True,CWE-476,"Either the condition '((string=cJSON_GetObjectItemCaseSensitive(root,""string"")))!=NULL' is redundant or there is possible null pointer dereference: string.",SAST_CPPCHECK,281-293
tests\cjson_add.c,cjson_add_string_should_add_string,True,CWE-398,Variable 'string' can be declared as pointer to const,SAST_CPPCHECK,281-293
tests\cjson_add.c,cjson_add_string_should_fail_with_null_pointers,False,,No issues found by SAST,None,295-303
tests\cjson_add.c,cjson_add_string_should_fail_on_allocation_failure,False,,No issues found by SAST,None,305-316
tests\cjson_add.c,cjson_add_raw_should_add_raw,True,CWE-476,"Either the condition '((raw=cJSON_GetObjectItemCaseSensitive(root,""raw"")))!=NULL' is redundant or there is possible null pointer dereference: raw.",SAST_CPPCHECK,318-330
tests\cjson_add.c,cjson_add_raw_should_add_raw,True,CWE-398,Variable 'raw' can be declared as pointer to const,SAST_CPPCHECK,318-330
tests\cjson_add.c,cjson_add_raw_should_fail_with_null_pointers,False,,No issues found by SAST,None,332-340
tests\cjson_add.c,cjson_add_raw_should_fail_on_allocation_failure,False,,No issues found by SAST,None,342-353
tests\cjson_add.c,cJSON_add_object_should_add_object,True,CWE-476,"Either the condition '((object=cJSON_GetObjectItemCaseSensitive(root,""object"")))!=NULL' is redundant or there is possible null pointer dereference: object.",SAST_CPPCHECK,355-365
tests\cjson_add.c,cJSON_add_object_should_add_object,True,CWE-398,Variable 'object' can be declared as pointer to const,SAST_CPPCHECK,355-365
tests\cjson_add.c,cjson_add_object_should_fail_with_null_pointers,False,,No issues found by SAST,None,367-375
tests\cjson_add.c,cjson_add_object_should_fail_on_allocation_failure,False,,No issues found by SAST,None,377-388
tests\cjson_add.c,cJSON_add_array_should_add_array,True,CWE-476,"Either the condition '((array=cJSON_GetObjectItemCaseSensitive(root,""array"")))!=NULL' is redundant or there is possible null pointer dereference: array.",SAST_CPPCHECK,390-400
tests\cjson_add.c,cJSON_add_array_should_add_array,True,CWE-398,Variable 'array' can be declared as pointer to const,SAST_CPPCHECK,390-400
tests\cjson_add.c,cjson_add_array_should_fail_with_null_pointers,False,,No issues found by SAST,None,402-410
tests\cjson_add.c,cjson_add_array_should_fail_on_allocation_failure,False,,No issues found by SAST,None,412-423
tests\compare_tests.c,cjson_compare_should_compare_null_pointer_as_not_equal,False,,No issues found by SAST,None,46-50
tests\compare_tests.c,cjson_compare_should_compare_invalid_as_not_equal,False,,No issues found by SAST,None,52-59
tests\compare_tests.c,cjson_compare_should_compare_numbers,False,,No issues found by SAST,None,61-73
tests\compare_tests.c,cjson_compare_should_compare_booleans,False,,No issues found by SAST,None,75-90
tests\compare_tests.c,cjson_compare_should_compare_null,False,,No issues found by SAST,None,92-99
tests\compare_tests.c,cjson_compare_should_not_accept_invalid_types,False,,No issues found by SAST,None,101-110
tests\compare_tests.c,cjson_compare_should_compare_strings,False,,No issues found by SAST,None,112-119
tests\compare_tests.c,cjson_compare_should_compare_raw,True,CWE-476,Either the condition '(raw2)!=NULL' is redundant or there is possible null pointer dereference: raw2.,SAST_CPPCHECK,121-139
tests\compare_tests.c,cjson_compare_should_compare_arrays,False,,No issues found by SAST,None,141-158
tests\compare_tests.c,cjson_compare_should_compare_objects,False,,No issues found by SAST,None,160-190
tests\json_patch_tests.c,cjson_utils_should_pass_json_patch_test_tests,False,,No issues found by SAST,None,183-198
tests\json_patch_tests.c,cjson_utils_should_pass_json_patch_test_spec_tests,False,,No issues found by SAST,None,200-215
tests\json_patch_tests.c,cjson_utils_should_pass_json_patch_test_cjson_utils_tests,False,,No issues found by SAST,None,217-232
tests\json_patch_tests.c,main,False,,No issues found by SAST,None,234-243
tests\minify_tests.c,cjson_minify_should_not_overflow_buffer,False,,No issues found by SAST,None,32-42
tests\minify_tests.c,cjson_minify_should_remove_single_line_comments,True,CWE-476,"If memory allocation fails, then there is a possible null pointer dereference: minified",SAST_CPPCHECK,44-56
tests\minify_tests.c,cjson_minify_should_remove_single_line_comments,True,CWE-120,Does not check for buffer overflows when copying to destination [MS-banned] (CWE-120).,SAST_FLAWFINDER,44-56
tests\minify_tests.c,cjson_minify_should_remove_single_line_comments,True,,strcpy,SAST_RATS,44-56
tests\minify_tests.c,cjson_minify_should_remove_spaces,True,CWE-476,"If memory allocation fails, then there is a possible null pointer dereference: minified",SAST_CPPCHECK,58-70
tests\minify_tests.c,cjson_minify_should_remove_spaces,True,CWE-120,Does not check for buffer overflows when copying to destination [MS-banned] (CWE-120).,SAST_FLAWFINDER,58-70
tests\minify_tests.c,cjson_minify_should_remove_spaces,True,,strcpy,SAST_RATS,58-70
tests\misc_tests.c,cjson_array_foreach_should_loop_over_arrays,True,CWE-398,Variable 'element_pointer' can be declared as pointer to const,SAST_CPPCHECK,32-58
tests\misc_tests.c,cjson_array_foreach_should_not_dereference_null_pointer,True,CWE-398,Variable 'element' can be declared as pointer to const,SAST_CPPCHECK,60-65
tests\misc_tests.c,cjson_get_object_item_should_get_object_items,True,CWE-476,Either the condition '(found)!=NULL' is redundant or there is possible null pointer dereference: found.,SAST_CPPCHECK,67-96
tests\misc_tests.c,cjson_get_object_item_should_get_object_items,True,CWE-398,Variable 'found' can be declared as pointer to const,SAST_CPPCHECK,67-96
tests\misc_tests.c,cjson_get_object_item_case_sensitive_should_get_object_items,True,CWE-476,Either the condition '(found)!=NULL' is redundant or there is possible null pointer dereference: found.,SAST_CPPCHECK,98-127
tests\misc_tests.c,cjson_get_object_item_case_sensitive_should_get_object_items,True,CWE-398,Variable 'found' can be declared as pointer to const,SAST_CPPCHECK,98-127
tests\misc_tests.c,cjson_get_object_item_should_not_crash_with_array,True,CWE-398,Variable 'found' can be declared as pointer to const,SAST_CPPCHECK,129-139
tests\misc_tests.c,cjson_get_object_item_case_sensitive_should_not_crash_with_array,True,CWE-398,Variable 'found' can be declared as pointer to const,SAST_CPPCHECK,141-151
tests\misc_tests.c,typecheck_functions_should_check_type,False,,No issues found by SAST,None,153-207
tests\misc_tests.c,cjson_should_not_parse_to_deeply_nested_jsons,True,CWE-119,"Statically-sized arrays can be improperly restricted, leading to potential overflows or other issues (CWE-119!/CWE-120).",SAST_FLAWFINDER,209-221
tests\misc_tests.c,cjson_should_not_follow_too_deep_circular_references,True,CWE-398,Variable 'x' can be declared as pointer to const,SAST_CPPCHECK,223-238
tests\misc_tests.c,cjson_set_number_value_should_set_numbers,False,,No issues found by SAST,None,240-259
tests\misc_tests.c,cjson_detach_item_via_pointer_should_detach_items,False,,No issues found by SAST,None,261-299
tests\misc_tests.c,cjson_detach_item_via_pointer_should_return_null_if_item_prev_is_null,False,,No issues found by SAST,None,301-314
tests\misc_tests.c,cjson_replace_item_via_pointer_should_replace_items,False,,No issues found by SAST,None,316-360
tests\misc_tests.c,cjson_replace_item_in_object_should_preserve_name,False,,No issues found by SAST,None,362-382
tests\misc_tests.c,cjson_functions_should_not_crash_with_null_pointers,True,CWE-119,"Statically-sized arrays can be improperly restricted, leading to potential overflows or other issues (CWE-119!/CWE-120).",SAST_FLAWFINDER,384-490
tests\misc_tests.c,cjson_set_valuestring_should_return_null_if_strings_overlap,True,CWE-398,Variable 'str2' can be declared as pointer to const,SAST_CPPCHECK,492-508
tests\misc_tests.c,ensure_should_fail_on_failed_realloc,False,,No issues found by SAST,None,517-524
tests\misc_tests.c,skip_utf8_bom_should_skip_bom,False,,No issues found by SAST,None,526-536
tests\misc_tests.c,skip_utf8_bom_should_not_skip_bom_if_not_at_beginning,False,,No issues found by SAST,None,538-548
tests\misc_tests.c,cjson_get_string_value_should_get_a_string,False,,No issues found by SAST,None,550-561
tests\misc_tests.c,cjson_get_number_value_should_get_a_number,False,,No issues found by SAST,None,563-574
tests\misc_tests.c,cjson_create_string_reference_should_create_a_string_reference,False,,No issues found by SAST,None,576-585
tests\misc_tests.c,cjson_create_object_reference_should_create_an_object_reference,False,,No issues found by SAST,None,587-604
tests\misc_tests.c,cjson_create_array_reference_should_create_an_array_reference,False,,No issues found by SAST,None,606-622
tests\misc_tests.c,cjson_add_item_to_object_or_array_should_not_add_itself,False,,No issues found by SAST,None,624-638
tests\misc_tests.c,cjson_add_item_to_object_should_not_use_after_free_when_string_is_aliased,False,,No issues found by SAST,None,640-657
tests\misc_tests.c,cjson_delete_item_from_array_should_not_broken_list_structure,False,,No issues found by SAST,None,659-691
tests\misc_tests.c,cjson_set_valuestring_to_object_should_not_leak_memory,True,CWE-563,Variable 'ptr1' is assigned an expression that holds the same value.,SAST_CPPCHECK,693-726
tests\misc_tests.c,cjson_set_valuestring_to_object_should_not_leak_memory,True,CWE-398,Variable 'ptr1' can be declared as pointer to const,SAST_CPPCHECK,693-726
tests\misc_tests.c,cjson_set_valuestring_to_object_should_not_leak_memory,True,CWE-398,Variable 'return_value' can be declared as pointer to const,SAST_CPPCHECK,693-726
tests\misc_tests.c,cjson_set_bool_value_must_not_break_objects,False,,No issues found by SAST,None,728-784
tests\misc_tests.c,cjson_parse_big_numbers_should_not_report_error,False,,No issues found by SAST,None,786-800
tests\misc_utils_tests.c,cjson_utils_functions_shouldnt_crash_with_null_pointers,False,,No issues found by SAST,None,32-71
tests\misc_utils_tests.c,main,False,,No issues found by SAST,None,73-80
tests\old_utils_tests.c,json_pointer_tests,False,,No issues found by SAST,None,52-86
tests\old_utils_tests.c,misc_tests,True,CWE-398,Variable 'numbers' can be declared as const array,SAST_CPPCHECK,88-136
tests\old_utils_tests.c,misc_tests,True,CWE-398,Variable 'num6' can be declared as pointer to const,SAST_CPPCHECK,88-136
tests\old_utils_tests.c,misc_tests,True,,printf,SAST_RATS,88-136
tests\old_utils_tests.c,sort_tests,True,CWE-398,Variable 'current_element' can be declared as pointer to const,SAST_CPPCHECK,138-166
tests\old_utils_tests.c,sort_tests,True,CWE-327,This function is not sufficiently random for security-related functions such as key and nonce creation (CWE-327).,SAST_FLAWFINDER,138-166
tests\old_utils_tests.c,sort_tests,True,CWE-119,"Statically-sized arrays can be improperly restricted, leading to potential overflows or other issues (CWE-119!/CWE-120).",SAST_FLAWFINDER,138-166
tests\old_utils_tests.c,merge_tests,True,CWE-398,The scope of the variable 'patchtext' can be reduced.,SAST_CPPCHECK,168-190
tests\old_utils_tests.c,merge_tests,True,CWE-398,The scope of the variable 'after' can be reduced.,SAST_CPPCHECK,168-190
tests\old_utils_tests.c,merge_tests,True,,printf,SAST_RATS,168-190
tests\old_utils_tests.c,merge_patch_should_not_read_freed_memory_when_patch_is_subtree,True,CWE-398,Variable 'patch' can be declared as pointer to const,SAST_CPPCHECK,192-223
tests\old_utils_tests.c,merge_patch_should_not_read_freed_memory_when_patch_is_subtree,True,CWE-398,Variable 'first' can be declared as pointer to const,SAST_CPPCHECK,192-223
tests\old_utils_tests.c,merge_patch_should_not_read_freed_memory_when_patch_is_subtree,True,CWE-398,Variable 'second' can be declared as pointer to const,SAST_CPPCHECK,192-223
tests\old_utils_tests.c,merge_patch_should_not_read_freed_memory_when_patch_is_subtree,True,CWE-398,Variable 'third' can be declared as pointer to const,SAST_CPPCHECK,192-223
tests\old_utils_tests.c,generate_merge_tests,True,CWE-398,The scope of the variable 'patchedtext' can be reduced.,SAST_CPPCHECK,225-245
tests\old_utils_tests.c,main,False,,No issues found by SAST,None,247-259
tests\parse_array.c,assert_is_array,True,CWE-476,Either the condition '(array_item)!=NULL' is redundant or there is possible null pointer dereference: array_item.,SAST_CPPCHECK,33-43
tests\parse_array.c,assert_is_array,True,CWE-398,Parameter 'array_item' can be declared as pointer to const,SAST_CPPCHECK,33-43
tests\parse_array.c,assert_not_array,True,CWE-126,Does not handle strings that are not \0-terminated; if given one it may perform an over-read (it could cause a crash if unprotected) (CWE-126).,SAST_FLAWFINDER,45-54
tests\parse_array.c,assert_not_array,True,,strlen,SAST_RATS,45-54
tests\parse_array.c,assert_parse_array,True,CWE-126,Does not handle strings that are not \0-terminated; if given one it may perform an over-read (it could cause a crash if unprotected) (CWE-126).,SAST_FLAWFINDER,56-65
tests\parse_array.c,assert_parse_array,True,,strlen,SAST_RATS,56-65
tests\parse_array.c,parse_array_should_parse_empty_arrays,False,,No issues found by SAST,None,67-74
tests\parse_array.c,parse_array_should_parse_arrays_with_one_element,False,,No issues found by SAST,None,77-102
tests\parse_array.c,parse_array_should_parse_arrays_with_multiple_elements,True,CWE-398,Variable 'node' can be declared as pointer to const,SAST_CPPCHECK,104-143
tests\parse_array.c,parse_array_should_not_parse_non_arrays,False,,No issues found by SAST,None,145-154
tests\parse_examples.c,do_test,True,CWE-476,Either the condition 'expected_path!=NULL' is redundant or there is possible null pointer dereference: filename.,SAST_CPPCHECK,46-107
tests\parse_examples.c,do_test,True,CWE-476,Null pointer dereference: filename,SAST_CPPCHECK,46-107
tests\parse_examples.c,do_test,True,CWE-134,Potential format string problem (CWE-134).,SAST_FLAWFINDER,46-107
tests\parse_examples.c,do_test,True,,sprintf,SAST_RATS,46-107
tests\parse_examples.c,do_test,True,CWE-126,Does not handle strings that are not \0-terminated; if given one it may perform an over-read (it could cause a crash if unprotected) (CWE-126).,SAST_FLAWFINDER,46-107
tests\parse_examples.c,do_test,True,,strlen,SAST_RATS,46-107
tests\parse_examples.c,file_test1_should_be_parsed_and_printed,False,,No issues found by SAST,None,109-112
tests\parse_examples.c,file_test2_should_be_parsed_and_printed,False,,No issues found by SAST,None,114-117
tests\parse_examples.c,file_test3_should_be_parsed_and_printed,False,,No issues found by SAST,None,119-122
tests\parse_examples.c,file_test4_should_be_parsed_and_printed,False,,No issues found by SAST,None,124-127
tests\parse_examples.c,file_test5_should_be_parsed_and_printed,False,,No issues found by SAST,None,129-132
tests\parse_examples.c,file_test6_should_not_be_parsed,False,,No issues found by SAST,None,134-155
tests\parse_examples.c,file_test7_should_be_parsed_and_printed,False,,No issues found by SAST,None,157-160
tests\parse_examples.c,file_test8_should_be_parsed_and_printed,False,,No issues found by SAST,None,162-165
tests\parse_examples.c,file_test9_should_be_parsed_and_printed,False,,No issues found by SAST,None,167-170
tests\parse_examples.c,file_test10_should_be_parsed_and_printed,False,,No issues found by SAST,None,172-175
tests\parse_examples.c,file_test11_should_be_parsed_and_printed,False,,No issues found by SAST,None,177-180
tests\parse_hex4.c,parse_hex4_should_parse_all_combinations,True,CWE-119,"Statically-sized arrays can be improperly restricted, leading to potential overflows or other issues (CWE-119!/CWE-120).",SAST_FLAWFINDER,31-45
tests\parse_hex4.c,parse_hex4_should_parse_all_combinations,True,CWE-120,Does not check for buffer overflows (CWE-120).,SAST_FLAWFINDER,31-45
tests\parse_hex4.c,parse_hex4_should_parse_all_combinations,True,,sprintf,SAST_RATS,31-45
tests\parse_hex4.c,parse_hex4_should_parse_mixed_case,False,,No issues found by SAST,None,47-65
tests\parse_number.c,assert_is_number,True,CWE-476,Either the condition '(number_item)!=NULL' is redundant or there is possible null pointer dereference: number_item.,SAST_CPPCHECK,33-44
tests\parse_number.c,assert_is_number,True,CWE-398,Parameter 'number_item' can be declared as pointer to const,SAST_CPPCHECK,33-44
tests\parse_number.c,assert_parse_number,True,CWE-126,Does not handle strings that are not \0-terminated; if given one it may perform an over-read (it could cause a crash if unprotected) (CWE-126).,SAST_FLAWFINDER,46-57
tests\parse_number.c,assert_parse_number,True,,strlen,SAST_RATS,46-57
tests\parse_number.c,assert_parse_big_number,True,CWE-126,Does not handle strings that are not \0-terminated; if given one it may perform an over-read (it could cause a crash if unprotected) (CWE-126).,SAST_FLAWFINDER,59-68
tests\parse_number.c,assert_parse_big_number,True,,strlen,SAST_RATS,59-68
tests\parse_number.c,parse_number_should_parse_zero,False,,No issues found by SAST,None,70-75
tests\parse_number.c,parse_number_should_parse_negative_integers,False,,No issues found by SAST,None,77-82
tests\parse_number.c,parse_number_should_parse_positive_integers,False,,No issues found by SAST,None,84-89
tests\parse_number.c,parse_number_should_parse_positive_reals,False,,No issues found by SAST,None,91-99
tests\parse_number.c,parse_number_should_parse_negative_reals,False,,No issues found by SAST,None,101-109
tests\parse_number.c,parse_number_should_parse_big_numbers,False,,No issues found by SAST,None,111-116
tests\parse_object.c,assert_is_object,True,CWE-476,Either the condition '(object_item)!=NULL' is redundant or there is possible null pointer dereference: object_item.,SAST_CPPCHECK,33-43
tests\parse_object.c,assert_is_object,True,CWE-398,Parameter 'object_item' can be declared as pointer to const,SAST_CPPCHECK,33-43
tests\parse_object.c,assert_is_child,True,CWE-476,Either the condition '(child_item)!=NULL' is redundant or there is possible null pointer dereference: child_item.,SAST_CPPCHECK,45-51
tests\parse_object.c,assert_is_child,True,CWE-398,Parameter 'child_item' can be declared as pointer to const,SAST_CPPCHECK,45-51
tests\parse_object.c,assert_not_object,True,CWE-126,Does not handle strings that are not \0-terminated; if given one it may perform an over-read (it could cause a crash if unprotected) (CWE-126).,SAST_FLAWFINDER,53-63
tests\parse_object.c,assert_not_object,True,,strlen,SAST_RATS,53-63
tests\parse_object.c,assert_parse_object,True,CWE-126,Does not handle strings that are not \0-terminated; if given one it may perform an over-read (it could cause a crash if unprotected) (CWE-126).,SAST_FLAWFINDER,65-74
tests\parse_object.c,assert_parse_object,True,,strlen,SAST_RATS,65-74
tests\parse_object.c,parse_object_should_parse_empty_objects,False,,No issues found by SAST,None,76-85
tests\parse_object.c,parse_object_should_parse_objects_with_one_element,False,,No issues found by SAST,None,87-105
tests\parse_object.c,parse_object_should_parse_objects_with_multiple_elements,True,CWE-119,"Statically-sized arrays can be improperly restricted, leading to potential overflows or other issues (CWE-119!/CWE-120).",SAST_FLAWFINDER,107-152
tests\parse_object.c,parse_object_should_not_parse_non_objects,False,,No issues found by SAST,None,154-163
tests\parse_string.c,assert_is_string,True,CWE-476,Either the condition '(string_item)!=NULL' is redundant or there is possible null pointer dereference: string_item.,SAST_CPPCHECK,33-44
tests\parse_string.c,assert_is_string,True,CWE-398,Parameter 'string_item' can be declared as pointer to const,SAST_CPPCHECK,33-44
tests\parse_string.c,assert_parse_string,True,,strlen,SAST_RATS,46-58
tests\parse_string.c,assert_not_parse_string,True,,strlen,SAST_RATS,60-69
tests\parse_string.c,parse_string_should_parse_strings,False,,No issues found by SAST,None,73-85
tests\parse_string.c,parse_string_should_parse_utf16_surrogate_pairs,False,,No issues found by SAST,None,87-91
tests\parse_string.c,parse_string_should_not_parse_non_strings,False,,No issues found by SAST,None,93-99
tests\parse_string.c,parse_string_should_not_parse_invalid_backslash,False,,No issues found by SAST,None,101-107
tests\parse_string.c,parse_string_should_not_overflow_with_closing_backslash,False,,No issues found by SAST,None,109-113
tests\parse_string.c,parse_string_should_parse_bug_94,False,,No issues found by SAST,None,115-120
tests\parse_value.c,assert_is_value,True,CWE-476,Either the condition '(value_item)!=NULL' is redundant or there is possible null pointer dereference: value_item.,SAST_CPPCHECK,33-42
tests\parse_value.c,assert_is_value,True,CWE-398,Parameter 'value_item' can be declared as pointer to const,SAST_CPPCHECK,33-42
tests\parse_value.c,assert_parse_value,True,CWE-126,Does not handle strings that are not \0-terminated; if given one it may perform an over-read (it could cause a crash if unprotected) (CWE-126).,SAST_FLAWFINDER,44-53
tests\parse_value.c,assert_parse_value,True,,strlen,SAST_RATS,44-53
tests\parse_value.c,parse_value_should_parse_null,False,,No issues found by SAST,None,55-59
tests\parse_value.c,parse_value_should_parse_true,False,,No issues found by SAST,None,61-65
tests\parse_value.c,parse_value_should_parse_false,False,,No issues found by SAST,None,67-71
tests\parse_value.c,parse_value_should_parse_number,False,,No issues found by SAST,None,73-77
tests\parse_value.c,parse_value_should_parse_string,False,,No issues found by SAST,None,79-85
tests\parse_value.c,parse_value_should_parse_array,False,,No issues found by SAST,None,87-91
tests\parse_value.c,parse_value_should_parse_object,False,,No issues found by SAST,None,93-97
tests\print_array.c,assert_print_array,True,CWE-119,"Statically-sized arrays can be improperly restricted, leading to potential overflows or other issues (CWE-119!/CWE-120).",SAST_FLAWFINDER,27-68
tests\print_array.c,assert_print_array,True,CWE-126,Does not handle strings that are not \0-terminated; if given one it may perform an over-read (it could cause a crash if unprotected) (CWE-126).,SAST_FLAWFINDER,27-68
tests\print_array.c,assert_print_array,True,,strlen,SAST_RATS,27-68
tests\print_array.c,print_array_should_print_empty_arrays,False,,No issues found by SAST,None,70-73
tests\print_array.c,print_array_should_print_arrays_with_one_element,False,,No issues found by SAST,None,75-82
tests\print_array.c,print_array_should_print_arrays_with_multiple_elements,False,,No issues found by SAST,None,84-88
tests\print_number.c,assert_print_number,True,CWE-571,Condition 'new_buffer[i]=='0'' is always true,SAST_CPPCHECK,27-63
tests\print_number.c,assert_print_number,True,CWE-563,Variable 'buffer.buffer' is reassigned a value before the old one has been used.,SAST_CPPCHECK,27-63
tests\print_number.c,assert_print_number,True,CWE-119,"Statically-sized arrays can be improperly restricted, leading to potential overflows or other issues (CWE-119!/CWE-120).",SAST_FLAWFINDER,27-63
tests\print_number.c,print_number_should_print_zero,False,,No issues found by SAST,None,65-68
tests\print_number.c,print_number_should_print_negative_integers,False,,No issues found by SAST,None,70-75
tests\print_number.c,print_number_should_print_positive_integers,False,,No issues found by SAST,None,77-82
tests\print_number.c,print_number_should_print_positive_reals,False,,No issues found by SAST,None,84-92
tests\print_number.c,print_number_should_print_negative_reals,False,,No issues found by SAST,None,94-101
tests\print_number.c,print_number_should_print_non_number,False,,No issues found by SAST,None,103-110
tests\print_object.c,assert_print_object,True,CWE-119,"Statically-sized arrays can be improperly restricted, leading to potential overflows or other issues (CWE-119!/CWE-120).",SAST_FLAWFINDER,27-69
tests\print_object.c,assert_print_object,True,CWE-126,Does not handle strings that are not \0-terminated; if given one it may perform an over-read (it could cause a crash if unprotected) (CWE-126).,SAST_FLAWFINDER,27-69
tests\print_object.c,assert_print_object,True,,strlen,SAST_RATS,27-69
tests\print_object.c,print_object_should_print_empty_objects,False,,No issues found by SAST,None,71-74
tests\print_object.c,print_object_should_print_objects_with_one_element,False,,No issues found by SAST,None,76-83
tests\print_object.c,print_object_should_print_objects_with_multiple_elements,False,,No issues found by SAST,None,85-89
tests\print_string.c,assert_print_string,True,CWE-119,"Statically-sized arrays can be improperly restricted, leading to potential overflows or other issues (CWE-119!/CWE-120).",SAST_FLAWFINDER,27-39
tests\print_string.c,print_string_should_print_empty_strings,False,,No issues found by SAST,None,41-45
tests\print_string.c,print_string_should_print_ascii,True,CWE-119,"Statically-sized arrays can be improperly restricted, leading to potential overflows or other issues (CWE-119!/CWE-120).",SAST_FLAWFINDER,47-61
tests\print_string.c,print_string_should_print_utf8,False,,No issues found by SAST,None,63-66
tests\print_value.c,assert_print_value,True,CWE-119,"Statically-sized arrays can be improperly restricted, leading to potential overflows or other issues (CWE-119!/CWE-120).",SAST_FLAWFINDER,31-55
tests\print_value.c,assert_print_value,True,CWE-126,Does not handle strings that are not \0-terminated; if given one it may perform an over-read (it could cause a crash if unprotected) (CWE-126).,SAST_FLAWFINDER,31-55
tests\print_value.c,assert_print_value,True,,strlen,SAST_RATS,31-55
tests\print_value.c,print_value_should_print_null,False,,No issues found by SAST,None,57-60
tests\print_value.c,print_value_should_print_true,False,,No issues found by SAST,None,62-65
tests\print_value.c,print_value_should_print_false,False,,No issues found by SAST,None,67-70
tests\print_value.c,print_value_should_print_number,False,,No issues found by SAST,None,72-75
tests\print_value.c,print_value_should_print_string,False,,No issues found by SAST,None,77-81
tests\print_value.c,print_value_should_print_array,False,,No issues found by SAST,None,83-86
tests\print_value.c,print_value_should_print_object,False,,No issues found by SAST,None,88-91
tests\readme_examples.c,create_monitor,True,,fprintf,SAST_RATS,45-115
tests\readme_examples.c,supports_full_hd,True,CWE-398,Variable 'width' can be declared as pointer to const,SAST_CPPCHECK,169-215
tests\readme_examples.c,supports_full_hd,True,CWE-398,Variable 'height' can be declared as pointer to const,SAST_CPPCHECK,169-215
tests\readme_examples.c,supports_full_hd,True,,fprintf,SAST_RATS,169-215
tests\readme_examples.c,supports_full_hd,True,,printf,SAST_RATS,169-215
tests\readme_examples.c,create_monitor_should_create_a_monitor,False,,No issues found by SAST,None,217-224
tests\readme_examples.c,create_monitor_with_helpers_should_create_a_monitor,False,,No issues found by SAST,None,226-233
tests\readme_examples.c,supports_full_hd_should_check_for_full_hd_support,False,,No issues found by SAST,None,235-247
tests\unity\examples\example_1\src\ProductionCode.c,FindFunction_WhichIsBroken,True,CWE-788,"Either the condition 'i<=8' is redundant or the array 'NumbersToFind[9]' is accessed at index 9, which is out of bounds.",SAST_CPPCHECK,11-19
tests\unity\examples\example_1\src\ProductionCode.c,FunctionWhichReturnsLocalVariable,False,,No issues found by SAST,None,21-24
tests\unity\examples\example_1\src\ProductionCode2.c,ThisFunctionHasNotBeenTested,False,,No issues found by SAST,None,4-11
tests\unity\examples\example_1\test\TestProductionCode.c,setUp,False,,No issues found by SAST,None,10-14
tests\unity\examples\example_1\test\TestProductionCode.c,tearDown,False,,No issues found by SAST,None,16-18
tests\unity\examples\example_1\test\TestProductionCode.c,test_FindFunction_WhichIsBroken_ShouldReturnZeroIfItemIsNotInList_WhichWorksEvenInOurBrokenCode,False,,No issues found by SAST,None,20-28
tests\unity\examples\example_1\test\TestProductionCode.c,test_FindFunction_WhichIsBroken_ShouldReturnTheIndexForItemsInList_WhichWillFailBecauseOurFunctionUnderTestIsBroken,False,,No issues found by SAST,None,30-39
tests\unity\examples\example_1\test\TestProductionCode.c,test_FunctionWhichReturnsLocalVariable_ShouldReturnTheCurrentCounterValue,False,,No issues found by SAST,None,41-49
tests\unity\examples\example_1\test\TestProductionCode.c,test_FunctionWhichReturnsLocalVariable_ShouldReturnTheCurrentCounterValueAgain,False,,No issues found by SAST,None,51-55
tests\unity\examples\example_1\test\TestProductionCode.c,test_FunctionWhichReturnsLocalVariable_ShouldReturnCurrentCounter_ButFailsBecauseThisTestIsActuallyFlawed,False,,No issues found by SAST,None,57-62
tests\unity\examples\example_1\test\TestProductionCode2.c,setUp,False,,No issues found by SAST,None,10-12
tests\unity\examples\example_1\test\TestProductionCode2.c,tearDown,False,,No issues found by SAST,None,14-16
tests\unity\examples\example_1\test\TestProductionCode2.c,test_IgnoredTest,False,,No issues found by SAST,None,18-21
tests\unity\examples\example_1\test\TestProductionCode2.c,test_AnotherIgnoredTest,False,,No issues found by SAST,None,23-26
tests\unity\examples\example_1\test\TestProductionCode2.c,test_ThisFunctionHasNotBeenTested_NeedsToBeImplemented,False,,No issues found by SAST,None,28-31
tests\unity\examples\example_1\test\test_runners\TestProductionCode2_Runner.c,resetTest,False,,No issues found by SAST,None,37-41
tests\unity\examples\example_1\test\test_runners\TestProductionCode2_Runner.c,main,False,,No issues found by SAST,None,45-53
tests\unity\examples\example_1\test\test_runners\TestProductionCode_Runner.c,resetTest,False,,No issues found by SAST,None,39-43
tests\unity\examples\example_1\test\test_runners\TestProductionCode_Runner.c,main,False,,No issues found by SAST,None,47-57
tests\unity\examples\example_2\src\ProductionCode.c,FindFunction_WhichIsBroken,True,CWE-788,"Either the condition 'i<=8' is redundant or the array 'NumbersToFind[9]' is accessed at index 9, which is out of bounds.",SAST_CPPCHECK,11-19
tests\unity\examples\example_2\src\ProductionCode.c,FunctionWhichReturnsLocalVariable,False,,No issues found by SAST,None,21-24
tests\unity\examples\example_2\src\ProductionCode2.c,ThisFunctionHasNotBeenTested,False,,No issues found by SAST,None,4-11
tests\unity\examples\example_2\test\test_runners\all_tests.c,RunAllTests,False,,No issues found by SAST,None,3-7
tests\unity\examples\example_2\test\test_runners\all_tests.c,main,False,,No issues found by SAST,None,9-12
tests\unity\examples\example_3\helper\UnityHelper.c,AssertEqualExampleStruct,False,,No issues found by SAST,None,6-10
tests\unity\examples\example_3\src\ProductionCode.c,FindFunction_WhichIsBroken,True,CWE-788,"Either the condition 'i<=8' is redundant or the array 'NumbersToFind[9]' is accessed at index 9, which is out of bounds.",SAST_CPPCHECK,11-19
tests\unity\examples\example_3\src\ProductionCode.c,FunctionWhichReturnsLocalVariable,False,,No issues found by SAST,None,21-24
tests\unity\examples\example_3\src\ProductionCode2.c,ThisFunctionHasNotBeenTested,False,,No issues found by SAST,None,4-11
tests\unity\examples\example_3\test\TestProductionCode.c,setUp,False,,No issues found by SAST,None,10-14
tests\unity\examples\example_3\test\TestProductionCode.c,tearDown,False,,No issues found by SAST,None,16-18
tests\unity\examples\example_3\test\TestProductionCode.c,test_FindFunction_WhichIsBroken_ShouldReturnZeroIfItemIsNotInList_WhichWorksEvenInOurBrokenCode,False,,No issues found by SAST,None,20-28
tests\unity\examples\example_3\test\TestProductionCode.c,test_FindFunction_WhichIsBroken_ShouldReturnTheIndexForItemsInList_WhichWillFailBecauseOurFunctionUnderTestIsBroken,False,,No issues found by SAST,None,30-39
tests\unity\examples\example_3\test\TestProductionCode.c,test_FunctionWhichReturnsLocalVariable_ShouldReturnTheCurrentCounterValue,False,,No issues found by SAST,None,41-49
tests\unity\examples\example_3\test\TestProductionCode.c,test_FunctionWhichReturnsLocalVariable_ShouldReturnTheCurrentCounterValueAgain,False,,No issues found by SAST,None,51-55
tests\unity\examples\example_3\test\TestProductionCode.c,test_FunctionWhichReturnsLocalVariable_ShouldReturnCurrentCounter_ButFailsBecauseThisTestIsActuallyFlawed,False,,No issues found by SAST,None,57-62
tests\unity\examples\example_3\test\TestProductionCode2.c,setUp,False,,No issues found by SAST,None,10-12
tests\unity\examples\example_3\test\TestProductionCode2.c,tearDown,False,,No issues found by SAST,None,14-16
tests\unity\examples\example_3\test\TestProductionCode2.c,test_IgnoredTest,False,,No issues found by SAST,None,18-21
tests\unity\examples\example_3\test\TestProductionCode2.c,test_AnotherIgnoredTest,False,,No issues found by SAST,None,23-26
tests\unity\examples\example_3\test\TestProductionCode2.c,test_ThisFunctionHasNotBeenTested_NeedsToBeImplemented,False,,No issues found by SAST,None,28-31
tests\unity\extras\fixture\src\unity_fixture.c,tearDown,False,,No issues found by SAST,None,20-21
tests\unity\extras\fixture\src\unity_fixture.c,announceTestRun,False,,No issues found by SAST,None,23-30
tests\unity\extras\fixture\src\unity_fixture.c,UnityMain,False,,No issues found by SAST,None,32-49
tests\unity\extras\fixture\src\unity_fixture.c,selected,False,,No issues found by SAST,None,51-56
tests\unity\extras\fixture\src\unity_fixture.c,testSelected,False,,No issues found by SAST,None,58-61
tests\unity\extras\fixture\src\unity_fixture.c,groupSelected,False,,No issues found by SAST,None,63-66
tests\unity\extras\fixture\src\unity_fixture.c,UnityIgnoreTest,False,,No issues found by SAST,None,115-129
tests\unity\extras\fixture\src\unity_fixture.c,UnityMalloc_StartTest,False,,No issues found by SAST,None,138-142
tests\unity\extras\fixture\src\unity_fixture.c,UnityMalloc_EndTest,False,,No issues found by SAST,None,144-151
tests\unity\extras\fixture\src\unity_fixture.c,UnityMalloc_MakeMallocFailAfterCount,False,,No issues found by SAST,None,153-156
tests\unity\extras\fixture\src\unity_fixture.c,unity_malloc,True,CWE-401,Memory leak: guard,SAST_CPPCHECK,181-216
tests\unity\extras\fixture\src\unity_fixture.c,unity_malloc,True,CWE-120,Does not check for buffer overflows when copying to destination (CWE-120).,SAST_FLAWFINDER,181-216
tests\unity\extras\fixture\src\unity_fixture.c,unity_malloc,True,,memcpy,SAST_RATS,181-216
tests\unity\extras\fixture\src\unity_fixture.c,isOverrun,True,CWE-398,Variable 'guard' can be declared as pointer to const,SAST_CPPCHECK,218-225
tests\unity\extras\fixture\src\unity_fixture.c,isOverrun,True,CWE-398,Variable 'memAsChar' can be declared as pointer to const,SAST_CPPCHECK,218-225
tests\unity\extras\fixture\src\unity_fixture.c,release_memory,True,CWE-398,Variable 'guard' can be declared as pointer to const,SAST_CPPCHECK,227-241
tests\unity\extras\fixture\src\unity_fixture.c,unity_free,False,,No issues found by SAST,None,243-258
tests\unity\extras\fixture\src\unity_fixture.c,unity_calloc,False,,No issues found by SAST,None,260-266
tests\unity\extras\fixture\src\unity_fixture.c,unity_realloc,True,CWE-398,Variable 'guard' can be declared as pointer to const,SAST_CPPCHECK,268-303
tests\unity\extras\fixture\src\unity_fixture.c,unity_realloc,True,CWE-120,Does not check for buffer overflows when copying to destination (CWE-120).,SAST_FLAWFINDER,268-303
tests\unity\extras\fixture\src\unity_fixture.c,unity_realloc,True,,memcpy,SAST_RATS,268-303
tests\unity\extras\fixture\src\unity_fixture.c,unity_realloc,True,,realloc,SAST_RATS,268-303
tests\unity\extras\fixture\src\unity_fixture.c,UnityPointer_Init,False,,No issues found by SAST,None,317-320
tests\unity\extras\fixture\src\unity_fixture.c,UnityPointer_Set,False,,No issues found by SAST,None,322-335
tests\unity\extras\fixture\src\unity_fixture.c,UnityPointer_UndoAllSets,False,,No issues found by SAST,None,337-345
tests\unity\extras\fixture\src\unity_fixture.c,UnityGetCommandLineOptions,False,,No issues found by SAST,None,347-407
tests\unity\extras\fixture\src\unity_fixture.c,UnityConcludeFixtureTest,False,,No issues found by SAST,None,409-432
tests\unity\extras\fixture\test\unity_output_Spy.c,UnityOutputCharSpy_Create,False,,No issues found by SAST,None,20-28
tests\unity\extras\fixture\test\unity_output_Spy.c,UnityOutputCharSpy_Destroy,False,,No issues found by SAST,None,30-34
tests\unity\extras\fixture\test\unity_output_Spy.c,UnityOutputCharSpy_OutputChar,False,,No issues found by SAST,None,36-47
tests\unity\extras\fixture\test\unity_output_Spy.c,UnityOutputCharSpy_Enable,False,,No issues found by SAST,None,54-57
tests\unity\extras\fixture\test\main\AllTests.c,runAllTests,False,,No issues found by SAST,None,10-16
tests\unity\extras\fixture\test\main\AllTests.c,main,False,,No issues found by SAST,None,18-21
tests\unity\src\unity.c,UNITY_OUTPUT_CHAR,False,,No issues found by SAST,None,13-14
tests\unity\src\unity.c,UnityPrint,False,,No issues found by SAST,None,70-117
tests\unity\src\unity.c,UnityPrintLen,False,,No issues found by SAST,None,119-154
tests\unity\src\unity.c,UnityPrintNumberByStyle,False,,No issues found by SAST,None,157-173
tests\unity\src\unity.c,UnityPrintNumber,False,,No issues found by SAST,None,176-187
tests\unity\src\unity.c,UnityPrintNumberUnsigned,False,,No issues found by SAST,None,191-207
tests\unity\src\unity.c,UnityPrintNumberHex,True,CWE-398,The scope of the variable 'nibble' can be reduced.,SAST_CPPCHECK,210-230
tests\unity\src\unity.c,UnityPrintMask,False,,No issues found by SAST,None,233-257
tests\unity\src\unity.c,UnityPrintFloat,True,CWE-119,"Statically-sized arrays can be improperly restricted, leading to potential overflows or other issues (CWE-119!/CWE-120).",SAST_FLAWFINDER,266-353
tests\unity\src\unity.c,UnityTestResultsBegin,False,,No issues found by SAST,None,357-365
tests\unity\src\unity.c,UnityTestResultsFailBegin,False,,No issues found by SAST,None,368-373
tests\unity\src\unity.c,UnityConcludeTest,False,,No issues found by SAST,None,376-396
tests\unity\src\unity.c,UnityAddMsgIfSpecified,False,,No issues found by SAST,None,399-419
tests\unity\src\unity.c,UnityPrintExpectedAndActualStrings,False,,No issues found by SAST,None,422-446
tests\unity\src\unity.c,UnityFloatsWithin,False,,No issues found by SAST,None,706-710
tests\unity\src\unity.c,UnityDoublesWithin,False,,No issues found by SAST,None,836-840
tests\unity\src\unity.c,UnityFail,False,,No issues found by SAST,None,1280-1311
tests\unity\src\unity.c,UnityIgnore,False,,No issues found by SAST,None,1314-1327
tests\unity\src\unity.c,UnityDefaultTestRun,False,,No issues found by SAST,None,1330-1346
tests\unity\src\unity.c,UnityBegin,False,,No issues found by SAST,None,1349-1362
tests\unity\src\unity.c,UnityEnd,False,,No issues found by SAST,None,1365-1392
tests\unity\src\unity.c,UnityParseOptions,False,,No issues found by SAST,None,1403-1457
tests\unity\src\unity.c,IsStringInBiggerString,False,,No issues found by SAST,None,1459-1498
tests\unity\src\unity.c,UnityStringArgumentMatches,False,,No issues found by SAST,None,1500-1547
tests\unity\src\unity.c,UnityTestMatches,False,,No issues found by SAST,None,1549-1567
tests\unity\test\expectdata\testsample_cmd.c,resetTest,False,,No issues found by SAST,None,44-48
tests\unity\test\expectdata\testsample_cmd.c,main,False,,No issues found by SAST,None,52-61
tests\unity\test\expectdata\testsample_def.c,resetTest,False,,No issues found by SAST,None,40-44
tests\unity\test\expectdata\testsample_def.c,main,False,,No issues found by SAST,None,48-57
tests\unity\test\expectdata\testsample_head1.c,resetTest,False,,No issues found by SAST,None,38-42
tests\unity\test\expectdata\testsample_head1.c,main,False,,No issues found by SAST,None,46-55
tests\unity\test\expectdata\testsample_mock_cmd.c,CMock_Init,False,,No issues found by SAST,None,46-49
tests\unity\test\expectdata\testsample_mock_cmd.c,CMock_Verify,False,,No issues found by SAST,None,50-53
tests\unity\test\expectdata\testsample_mock_cmd.c,CMock_Destroy,False,,No issues found by SAST,None,54-57
tests\unity\test\expectdata\testsample_mock_cmd.c,resetTest,False,,No issues found by SAST,None,61-68
tests\unity\test\expectdata\testsample_mock_cmd.c,main,False,,No issues found by SAST,None,72-80
tests\unity\test\expectdata\testsample_mock_def.c,CMock_Init,False,,No issues found by SAST,None,42-45
tests\unity\test\expectdata\testsample_mock_def.c,CMock_Verify,False,,No issues found by SAST,None,46-49
tests\unity\test\expectdata\testsample_mock_def.c,CMock_Destroy,False,,No issues found by SAST,None,50-53
tests\unity\test\expectdata\testsample_mock_def.c,resetTest,False,,No issues found by SAST,None,57-64
tests\unity\test\expectdata\testsample_mock_def.c,main,False,,No issues found by SAST,None,68-76
tests\unity\test\expectdata\testsample_mock_head1.c,CMock_Init,False,,No issues found by SAST,None,41-44
tests\unity\test\expectdata\testsample_mock_head1.c,CMock_Verify,False,,No issues found by SAST,None,45-48
tests\unity\test\expectdata\testsample_mock_head1.c,CMock_Destroy,False,,No issues found by SAST,None,49-52
tests\unity\test\expectdata\testsample_mock_head1.c,resetTest,False,,No issues found by SAST,None,56-63
tests\unity\test\expectdata\testsample_mock_head1.c,main,False,,No issues found by SAST,None,67-75
tests\unity\test\expectdata\testsample_mock_new1.c,CMock_Init,False,,No issues found by SAST,None,52-58
tests\unity\test\expectdata\testsample_mock_new1.c,CMock_Verify,False,,No issues found by SAST,None,59-62
tests\unity\test\expectdata\testsample_mock_new1.c,CMock_Destroy,False,,No issues found by SAST,None,63-66
tests\unity\test\expectdata\testsample_mock_new1.c,resetTest,False,,No issues found by SAST,None,70-77
tests\unity\test\expectdata\testsample_mock_new1.c,main,False,,No issues found by SAST,None,81-89
tests\unity\test\expectdata\testsample_mock_new2.c,CMock_Init,False,,No issues found by SAST,None,42-45
tests\unity\test\expectdata\testsample_mock_new2.c,CMock_Verify,False,,No issues found by SAST,None,46-49
tests\unity\test\expectdata\testsample_mock_new2.c,CMock_Destroy,False,,No issues found by SAST,None,50-53
tests\unity\test\expectdata\testsample_mock_new2.c,suite_setup,False,,No issues found by SAST,None,56-59
tests\unity\test\expectdata\testsample_mock_new2.c,suite_teardown,False,,No issues found by SAST,None,62-65
tests\unity\test\expectdata\testsample_mock_new2.c,resetTest,False,,No issues found by SAST,None,69-76
tests\unity\test\expectdata\testsample_mock_new2.c,main,False,,No issues found by SAST,None,80-89
tests\unity\test\expectdata\testsample_mock_param.c,CMock_Init,False,,No issues found by SAST,None,43-46
tests\unity\test\expectdata\testsample_mock_param.c,CMock_Verify,False,,No issues found by SAST,None,47-50
tests\unity\test\expectdata\testsample_mock_param.c,CMock_Destroy,False,,No issues found by SAST,None,51-54
tests\unity\test\expectdata\testsample_mock_param.c,resetTest,False,,No issues found by SAST,None,58-65
tests\unity\test\expectdata\testsample_mock_param.c,main,False,,No issues found by SAST,None,69-77
tests\unity\test\expectdata\testsample_mock_run1.c,CMock_Init,False,,No issues found by SAST,None,52-58
tests\unity\test\expectdata\testsample_mock_run1.c,CMock_Verify,False,,No issues found by SAST,None,59-62
tests\unity\test\expectdata\testsample_mock_run1.c,CMock_Destroy,False,,No issues found by SAST,None,63-66
tests\unity\test\expectdata\testsample_mock_run1.c,resetTest,False,,No issues found by SAST,None,70-77
tests\unity\test\expectdata\testsample_mock_run1.c,main,False,,No issues found by SAST,None,81-89
tests\unity\test\expectdata\testsample_mock_run2.c,CMock_Init,False,,No issues found by SAST,None,42-45
tests\unity\test\expectdata\testsample_mock_run2.c,CMock_Verify,False,,No issues found by SAST,None,46-49
tests\unity\test\expectdata\testsample_mock_run2.c,CMock_Destroy,False,,No issues found by SAST,None,50-53
tests\unity\test\expectdata\testsample_mock_run2.c,suite_setup,False,,No issues found by SAST,None,56-59
tests\unity\test\expectdata\testsample_mock_run2.c,suite_teardown,False,,No issues found by SAST,None,62-65
tests\unity\test\expectdata\testsample_mock_run2.c,resetTest,False,,No issues found by SAST,None,69-76
tests\unity\test\expectdata\testsample_mock_run2.c,main,False,,No issues found by SAST,None,80-89
tests\unity\test\expectdata\testsample_mock_yaml.c,CMock_Init,False,,No issues found by SAST,None,49-52
tests\unity\test\expectdata\testsample_mock_yaml.c,CMock_Verify,False,,No issues found by SAST,None,53-56
tests\unity\test\expectdata\testsample_mock_yaml.c,CMock_Destroy,False,,No issues found by SAST,None,57-60
tests\unity\test\expectdata\testsample_mock_yaml.c,suite_setup,False,,No issues found by SAST,None,63-66
tests\unity\test\expectdata\testsample_mock_yaml.c,resetTest,False,,No issues found by SAST,None,70-77
tests\unity\test\expectdata\testsample_mock_yaml.c,main,False,,No issues found by SAST,None,81-90
tests\unity\test\expectdata\testsample_new1.c,resetTest,False,,No issues found by SAST,None,50-54
tests\unity\test\expectdata\testsample_new1.c,main,False,,No issues found by SAST,None,58-67
tests\unity\test\expectdata\testsample_new2.c,suite_setup,False,,No issues found by SAST,None,39-42
tests\unity\test\expectdata\testsample_new2.c,suite_teardown,False,,No issues found by SAST,None,45-48
tests\unity\test\expectdata\testsample_new2.c,resetTest,False,,No issues found by SAST,None,52-56
tests\unity\test\expectdata\testsample_new2.c,main,False,,No issues found by SAST,None,60-70
tests\unity\test\expectdata\testsample_param.c,resetTest,False,,No issues found by SAST,None,41-45
tests\unity\test\expectdata\testsample_param.c,main,False,,No issues found by SAST,None,49-58
tests\unity\test\expectdata\testsample_run1.c,resetTest,False,,No issues found by SAST,None,50-54
tests\unity\test\expectdata\testsample_run1.c,main,False,,No issues found by SAST,None,58-67
tests\unity\test\expectdata\testsample_run2.c,suite_setup,False,,No issues found by SAST,None,39-42
tests\unity\test\expectdata\testsample_run2.c,suite_teardown,False,,No issues found by SAST,None,45-48
tests\unity\test\expectdata\testsample_run2.c,resetTest,False,,No issues found by SAST,None,52-56
tests\unity\test\expectdata\testsample_run2.c,main,False,,No issues found by SAST,None,60-70
tests\unity\test\expectdata\testsample_yaml.c,suite_setup,False,,No issues found by SAST,None,46-49
tests\unity\test\expectdata\testsample_yaml.c,resetTest,False,,No issues found by SAST,None,53-57
tests\unity\test\expectdata\testsample_yaml.c,main,False,,No issues found by SAST,None,61-71
tests\unity\test\testdata\testRunnerGenerator.c,putcharSpy,False,,No issues found by SAST,None,24-25
tests\unity\test\testdata\testRunnerGenerator.c,setUp,False,,No issues found by SAST,None,31-34
tests\unity\test\testdata\testRunnerGenerator.c,tearDown,False,,No issues found by SAST,None,36-39
tests\unity\test\testdata\testRunnerGenerator.c,custom_setup,False,,No issues found by SAST,None,41-44
tests\unity\test\testdata\testRunnerGenerator.c,custom_teardown,False,,No issues found by SAST,None,46-49
tests\unity\test\testdata\testRunnerGenerator.c,test_OldSchoolCommentsShouldBeIgnored,False,,No issues found by SAST,None,52-55
tests\unity\test\testdata\testRunnerGenerator.c,test_ThisTestAlwaysPasses,False,,No issues found by SAST,None,58-61
tests\unity\test\testdata\testRunnerGenerator.c,test_ThisTestAlwaysFails,False,,No issues found by SAST,None,63-66
tests\unity\test\testdata\testRunnerGenerator.c,test_ThisTestAlwaysIgnored,False,,No issues found by SAST,None,68-71
tests\unity\test\testdata\testRunnerGenerator.c,qwiktest_ThisTestPassesWhenNoSetupRan,False,,No issues found by SAST,None,73-76
tests\unity\test\testdata\testRunnerGenerator.c,qwiktest_ThisTestPassesWhenNoTeardownRan,False,,No issues found by SAST,None,78-81
tests\unity\test\testdata\testRunnerGenerator.c,spec_ThisTestPassesWhenNormalSuiteSetupAndTeardownRan,False,,No issues found by SAST,None,83-86
tests\unity\test\testdata\testRunnerGenerator.c,spec_ThisTestPassesWhenNormalSetupRan,False,,No issues found by SAST,None,88-91
tests\unity\test\testdata\testRunnerGenerator.c,spec_ThisTestPassesWhenNormalTeardownRan,False,,No issues found by SAST,None,93-96
tests\unity\test\testdata\testRunnerGenerator.c,custtest_ThisTestPassesWhenCustomSetupRan,False,,No issues found by SAST,None,98-101
tests\unity\test\testdata\testRunnerGenerator.c,custtest_ThisTestPassesWhenCustomTeardownRan,False,,No issues found by SAST,None,103-106
tests\unity\test\testdata\testRunnerGenerator.c,test_NotBeConfusedByLongComplicatedStrings,False,,No issues found by SAST,None,113-118
tests\unity\test\testdata\testRunnerGenerator.c,test_NotDisappearJustBecauseTheTestBeforeAndAfterHaveCrazyStrings,False,,No issues found by SAST,None,120-123
tests\unity\test\testdata\testRunnerGenerator.c,test_StillNotBeConfusedByLongComplicatedStrings,False,,No issues found by SAST,None,125-130
tests\unity\test\testdata\testRunnerGenerator.c,should_RunTestsStartingWithShouldByDefault,False,,No issues found by SAST,None,132-135
tests\unity\test\testdata\testRunnerGenerator.c,paratest_ShouldHandleParameterizedTests,False,,No issues found by SAST,None,140-143
tests\unity\test\testdata\testRunnerGenerator.c,paratest_ShouldHandleParameterizedTests2,False,,No issues found by SAST,None,146-149
tests\unity\test\testdata\testRunnerGenerator.c,paratest_ShouldHandleNonParameterizedTestsWhenParameterizationValid,False,,No issues found by SAST,None,151-154
tests\unity\test\testdata\testRunnerGenerator.c,paratest_ShouldHandleParameterizedTestsThatFail,False,,No issues found by SAST,None,157-160
tests\unity\test\testdata\testRunnerGenerator.c,extest_ShouldHandleCExceptionInTest,False,,No issues found by SAST,None,163-166
tests\unity\test\testdata\testRunnerGenerator.c,custom_main,False,,No issues found by SAST,None,170-171
tests\unity\test\testdata\testRunnerGenerator.c,main,False,,No issues found by SAST,None,172-175
tests\unity\test\testdata\testRunnerGenerator.c,suitetest_ThisTestPassesWhenCustomSuiteSetupAndTeardownRan,False,,No issues found by SAST,None,178-181
tests\unity\test\testdata\testRunnerGeneratorSmall.c,putcharSpy,False,,No issues found by SAST,None,16-17
tests\unity\test\testdata\testRunnerGeneratorSmall.c,setUp,False,,No issues found by SAST,None,23-26
tests\unity\test\testdata\testRunnerGeneratorSmall.c,tearDown,False,,No issues found by SAST,None,28-31
tests\unity\test\testdata\testRunnerGeneratorSmall.c,custom_setup,False,,No issues found by SAST,None,33-36
tests\unity\test\testdata\testRunnerGeneratorSmall.c,custom_teardown,False,,No issues found by SAST,None,38-41
tests\unity\test\testdata\testRunnerGeneratorSmall.c,test_ThisTestAlwaysPasses,False,,No issues found by SAST,None,43-46
tests\unity\test\testdata\testRunnerGeneratorSmall.c,test_ThisTestAlwaysFails,False,,No issues found by SAST,None,48-51
tests\unity\test\testdata\testRunnerGeneratorSmall.c,test_ThisTestAlwaysIgnored,False,,No issues found by SAST,None,53-56
tests\unity\test\testdata\testRunnerGeneratorSmall.c,spec_ThisTestPassesWhenNormalSetupRan,False,,No issues found by SAST,None,58-61
tests\unity\test\testdata\testRunnerGeneratorSmall.c,spec_ThisTestPassesWhenNormalTeardownRan,False,,No issues found by SAST,None,63-66
tests\unity\test\testdata\testRunnerGeneratorWithMocks.c,putcharSpy,False,,No issues found by SAST,None,25-26
tests\unity\test\testdata\testRunnerGeneratorWithMocks.c,setUp,False,,No issues found by SAST,None,32-35
tests\unity\test\testdata\testRunnerGeneratorWithMocks.c,tearDown,False,,No issues found by SAST,None,37-40
tests\unity\test\testdata\testRunnerGeneratorWithMocks.c,custom_setup,False,,No issues found by SAST,None,42-45
tests\unity\test\testdata\testRunnerGeneratorWithMocks.c,custom_teardown,False,,No issues found by SAST,None,47-50
tests\unity\test\testdata\testRunnerGeneratorWithMocks.c,test_OldSchoolCommentsShouldBeIgnored,False,,No issues found by SAST,None,53-56
tests\unity\test\testdata\testRunnerGeneratorWithMocks.c,test_ThisTestAlwaysPasses,False,,No issues found by SAST,None,59-62
tests\unity\test\testdata\testRunnerGeneratorWithMocks.c,test_ThisTestAlwaysFails,False,,No issues found by SAST,None,64-67
tests\unity\test\testdata\testRunnerGeneratorWithMocks.c,test_ThisTestAlwaysIgnored,False,,No issues found by SAST,None,69-72
tests\unity\test\testdata\testRunnerGeneratorWithMocks.c,qwiktest_ThisTestPassesWhenNoSetupRan,False,,No issues found by SAST,None,74-77
tests\unity\test\testdata\testRunnerGeneratorWithMocks.c,qwiktest_ThisTestPassesWhenNoTeardownRan,False,,No issues found by SAST,None,79-82
tests\unity\test\testdata\testRunnerGeneratorWithMocks.c,spec_ThisTestPassesWhenNormalSuiteSetupAndTeardownRan,False,,No issues found by SAST,None,84-87
tests\unity\test\testdata\testRunnerGeneratorWithMocks.c,spec_ThisTestPassesWhenNormalSetupRan,False,,No issues found by SAST,None,89-92
tests\unity\test\testdata\testRunnerGeneratorWithMocks.c,spec_ThisTestPassesWhenNormalTeardownRan,False,,No issues found by SAST,None,94-97
tests\unity\test\testdata\testRunnerGeneratorWithMocks.c,custtest_ThisTestPassesWhenCustomSetupRan,False,,No issues found by SAST,None,99-102
tests\unity\test\testdata\testRunnerGeneratorWithMocks.c,custtest_ThisTestPassesWhenCustomTeardownRan,False,,No issues found by SAST,None,104-107
tests\unity\test\testdata\testRunnerGeneratorWithMocks.c,test_NotBeConfusedByLongComplicatedStrings,False,,No issues found by SAST,None,114-119
tests\unity\test\testdata\testRunnerGeneratorWithMocks.c,test_NotDisappearJustBecauseTheTestBeforeAndAfterHaveCrazyStrings,False,,No issues found by SAST,None,121-124
tests\unity\test\testdata\testRunnerGeneratorWithMocks.c,test_StillNotBeConfusedByLongComplicatedStrings,False,,No issues found by SAST,None,126-131
tests\unity\test\testdata\testRunnerGeneratorWithMocks.c,should_RunTestsStartingWithShouldByDefault,False,,No issues found by SAST,None,133-136
tests\unity\test\testdata\testRunnerGeneratorWithMocks.c,paratest_ShouldHandleParameterizedTests,False,,No issues found by SAST,None,141-144
tests\unity\test\testdata\testRunnerGeneratorWithMocks.c,paratest_ShouldHandleParameterizedTests2,False,,No issues found by SAST,None,147-150
tests\unity\test\testdata\testRunnerGeneratorWithMocks.c,paratest_ShouldHandleNonParameterizedTestsWhenParameterizationValid,False,,No issues found by SAST,None,152-155
tests\unity\test\testdata\testRunnerGeneratorWithMocks.c,paratest_ShouldHandleParameterizedTestsThatFail,False,,No issues found by SAST,None,158-161
tests\unity\test\testdata\testRunnerGeneratorWithMocks.c,extest_ShouldHandleCExceptionInTest,False,,No issues found by SAST,None,164-167
tests\unity\test\testdata\testRunnerGeneratorWithMocks.c,custom_main,False,,No issues found by SAST,None,171-172
tests\unity\test\testdata\testRunnerGeneratorWithMocks.c,main,False,,No issues found by SAST,None,173-176
tests\unity\test\testdata\testRunnerGeneratorWithMocks.c,suitetest_ThisTestPassesWhenCustomSuiteSetupAndTeardownRan,False,,No issues found by SAST,None,179-182
tests\unity\test\testdata\testRunnerGeneratorWithMocks.c,test_ShouldCallMockInitAndVerifyFunctionsForEachTest,False,,No issues found by SAST,None,184-191
tests\unity\test\tests\testparameterized.c,putcharSpy,False,,No issues found by SAST,None,11-12
tests\unity\test\tests\testparameterized.c,setUp,False,,No issues found by SAST,None,47-51
tests\unity\test\tests\testparameterized.c,tearDown,False,,No issues found by SAST,None,53-62
tests\unity\test\tests\testparameterized.c,test_TheseShouldAllPass,False,,No issues found by SAST,None,67-70
tests\unity\test\tests\testparameterized.c,test_TheseShouldAllFail,False,,No issues found by SAST,None,75-80
tests\unity\test\tests\testparameterized.c,test_TheseAreEveryOther,False,,No issues found by SAST,None,86-98
tests\unity\test\tests\testparameterized.c,test_NormalPassesStillWork,False,,No issues found by SAST,None,100-103
tests\unity\test\tests\testparameterized.c,test_NormalFailsStillWork,False,,No issues found by SAST,None,105-110
tests\unity\test\tests\testunity.c,getBufferPutcharSpy,False,,No issues found by SAST,None,3316-3324
tests\unity\test\tests\testunity.c,setUp,False,,No issues found by SAST,None,60-64
tests\unity\test\tests\testunity.c,tearDown,False,,No issues found by SAST,None,66-80
tests\unity\test\tests\testunity.c,testUnitySizeInitializationReminder,True,CWE-563,struct member 'Anonymous0::TestFile' is never used.,SAST_CPPCHECK,82-130
tests\unity\test\tests\testunity.c,testUnitySizeInitializationReminder,True,CWE-563,struct member 'Anonymous0::CurrentDetails1' is never used.,SAST_CPPCHECK,82-130
tests\unity\test\tests\testunity.c,testUnitySizeInitializationReminder,True,CWE-563,struct member 'Anonymous0::CurrentDetails2' is never used.,SAST_CPPCHECK,82-130
tests\unity\test\tests\testunity.c,testPassShouldEndImmediatelyWithPass,False,,No issues found by SAST,None,132-136
tests\unity\test\tests\testunity.c,testTrue,False,,No issues found by SAST,None,138-143
tests\unity\test\tests\testunity.c,testFalse,False,,No issues found by SAST,None,145-150
tests\unity\test\tests\testunity.c,testPreviousPass,False,,No issues found by SAST,None,152-155
tests\unity\test\tests\testunity.c,testNotVanilla,False,,No issues found by SAST,None,157-162
tests\unity\test\tests\testunity.c,testNotTrue,False,,No issues found by SAST,None,164-169
tests\unity\test\tests\testunity.c,testNotFalse,False,,No issues found by SAST,None,171-176
tests\unity\test\tests\testunity.c,testNotUnless,False,,No issues found by SAST,None,178-183
tests\unity\test\tests\testunity.c,testNotNotEqual,False,,No issues found by SAST,None,185-190
tests\unity\test\tests\testunity.c,testFail,False,,No issues found by SAST,None,192-197
tests\unity\test\tests\testunity.c,testIsNull,False,,No issues found by SAST,None,199-206
tests\unity\test\tests\testunity.c,testIsNullShouldFailIfNot,False,,No issues found by SAST,None,208-215
tests\unity\test\tests\testunity.c,testNotNullShouldFailIfNULL,False,,No issues found by SAST,None,217-224
tests\unity\test\tests\testunity.c,testIgnore,False,,No issues found by SAST,None,226-232
tests\unity\test\tests\testunity.c,testIgnoreMessage,False,,No issues found by SAST,None,234-240
tests\unity\test\tests\testunity.c,testNotEqualInts,False,,No issues found by SAST,None,242-247
tests\unity\test\tests\testunity.c,testNotEqualInt8s,False,,No issues found by SAST,None,249-254
tests\unity\test\tests\testunity.c,testNotEqualInt16s,False,,No issues found by SAST,None,256-261
tests\unity\test\tests\testunity.c,testNotEqualInt32s,False,,No issues found by SAST,None,263-268
tests\unity\test\tests\testunity.c,testNotEqualBits,False,,No issues found by SAST,None,270-275
tests\unity\test\tests\testunity.c,testNotEqualUInts,False,,No issues found by SAST,None,277-287
tests\unity\test\tests\testunity.c,testNotEqualUInt8s,False,,No issues found by SAST,None,289-299
tests\unity\test\tests\testunity.c,testNotEqualUInt16s,False,,No issues found by SAST,None,301-311
tests\unity\test\tests\testunity.c,testNotEqualUInt32s,False,,No issues found by SAST,None,313-323
tests\unity\test\tests\testunity.c,testNotEqualHex8s,False,,No issues found by SAST,None,325-335
tests\unity\test\tests\testunity.c,testNotEqualHex8sIfSigned,False,,No issues found by SAST,None,337-347
tests\unity\test\tests\testunity.c,testNotEqualHex16s,False,,No issues found by SAST,None,349-359
tests\unity\test\tests\testunity.c,testNotEqualHex16sIfSigned,False,,No issues found by SAST,None,361-371
tests\unity\test\tests\testunity.c,testNotEqualHex32s,False,,No issues found by SAST,None,373-383
tests\unity\test\tests\testunity.c,testNotEqualHex32sIfSigned,False,,No issues found by SAST,None,385-395
tests\unity\test\tests\testunity.c,testEqualInts,False,,No issues found by SAST,None,397-415
tests\unity\test\tests\testunity.c,testEqualInt8s,False,,No issues found by SAST,None,417-434
tests\unity\test\tests\testunity.c,testEqualInt8sWhenThereAreDifferencesOutside8Bits,False,,No issues found by SAST,None,436-440
tests\unity\test\tests\testunity.c,testEqualInt16s,False,,No issues found by SAST,None,442-459
tests\unity\test\tests\testunity.c,testEqualInt16sNegatives,False,,No issues found by SAST,None,461-478
tests\unity\test\tests\testunity.c,testEqualInt16sWhenThereAreDifferencesOutside16Bits,False,,No issues found by SAST,None,480-484
tests\unity\test\tests\testunity.c,testEqualInt32s,False,,No issues found by SAST,None,486-503
tests\unity\test\tests\testunity.c,testEqualInt32sNegatives,False,,No issues found by SAST,None,505-522
tests\unity\test\tests\testunity.c,testEqualUints,False,,No issues found by SAST,None,525-543
tests\unity\test\tests\testunity.c,testEqualUint8s,False,,No issues found by SAST,None,546-563
tests\unity\test\tests\testunity.c,testEqualUint8sWhenThereAreDifferencesOutside8Bits,False,,No issues found by SAST,None,565-569
tests\unity\test\tests\testunity.c,testEqualUint16s,False,,No issues found by SAST,None,571-588
tests\unity\test\tests\testunity.c,testEqualUint16sWhenThereAreDifferencesOutside16Bits,False,,No issues found by SAST,None,590-594
tests\unity\test\tests\testunity.c,testEqualUint32s,False,,No issues found by SAST,None,596-613
tests\unity\test\tests\testunity.c,testNotEqual,False,,No issues found by SAST,None,615-624
tests\unity\test\tests\testunity.c,testEqualHex8s,False,,No issues found by SAST,None,626-643
tests\unity\test\tests\testunity.c,testEqualHex8sWhenThereAreDifferencesOutside8Bits,False,,No issues found by SAST,None,645-649
tests\unity\test\tests\testunity.c,testEqualHex8sNegatives,False,,No issues found by SAST,None,651-668
tests\unity\test\tests\testunity.c,testEqualHex16s,False,,No issues found by SAST,None,670-687
tests\unity\test\tests\testunity.c,testEqualHex16sWhenThereAreDifferencesOutside16Bits,False,,No issues found by SAST,None,689-693
tests\unity\test\tests\testunity.c,testEqualHex32s,False,,No issues found by SAST,None,695-712
tests\unity\test\tests\testunity.c,testEqualBits,False,,No issues found by SAST,None,714-728
tests\unity\test\tests\testunity.c,testNotEqualBitHigh,False,,No issues found by SAST,None,730-737
tests\unity\test\tests\testunity.c,testNotEqualBitLow,False,,No issues found by SAST,None,739-746
tests\unity\test\tests\testunity.c,testNotEqualBitsHigh,False,,No issues found by SAST,None,748-757
tests\unity\test\tests\testunity.c,testNotEqualBitsLow,False,,No issues found by SAST,None,759-767
tests\unity\test\tests\testunity.c,testEqualShorts,False,,No issues found by SAST,None,770-788
tests\unity\test\tests\testunity.c,testEqualUShorts,False,,No issues found by SAST,None,790-808
tests\unity\test\tests\testunity.c,testEqualChars,False,,No issues found by SAST,None,810-828
tests\unity\test\tests\testunity.c,testEqualUChars,False,,No issues found by SAST,None,830-847
tests\unity\test\tests\testunity.c,testEqualPointers,False,,No issues found by SAST,None,849-864
tests\unity\test\tests\testunity.c,testNotEqualPointers,False,,No issues found by SAST,None,866-871
tests\unity\test\tests\testunity.c,testIntsWithinDelta,False,,No issues found by SAST,None,873-883
tests\unity\test\tests\testunity.c,testIntsWithinDeltaAndCustomMessage,False,,No issues found by SAST,None,885-895
tests\unity\test\tests\testunity.c,testIntsNotWithinDelta,False,,No issues found by SAST,None,897-902
tests\unity\test\tests\testunity.c,testIntsNotWithinDeltaAndCustomMessage,False,,No issues found by SAST,None,904-909
tests\unity\test\tests\testunity.c,testUIntsWithinDelta,False,,No issues found by SAST,None,911-916
tests\unity\test\tests\testunity.c,testUIntsWithinDeltaAndCustomMessage,False,,No issues found by SAST,None,918-923
tests\unity\test\tests\testunity.c,testUIntsNotWithinDelta,False,,No issues found by SAST,None,925-930
tests\unity\test\tests\testunity.c,testUIntsNotWithinDeltaAndCustomMessage,False,,No issues found by SAST,None,932-937
tests\unity\test\tests\testunity.c,testUIntsNotWithinDeltaEvenThoughASignedIntWouldPassSmallFirst,False,,No issues found by SAST,None,939-944
tests\unity\test\tests\testunity.c,testUIntsNotWithinDeltaEvenThoughASignedIntWouldPassSmallFirstAndCustomMessage,False,,No issues found by SAST,None,946-951
tests\unity\test\tests\testunity.c,testUIntsNotWithinDeltaEvenThoughASignedIntWouldPassBigFirst,False,,No issues found by SAST,None,953-958
tests\unity\test\tests\testunity.c,testUIntsNotWithinDeltaEvenThoughASignedIntWouldPassBigFirstAndCustomMessage,False,,No issues found by SAST,None,960-965
tests\unity\test\tests\testunity.c,testHEX32sWithinDelta,False,,No issues found by SAST,None,967-972
tests\unity\test\tests\testunity.c,testHEX32sWithinDeltaAndCustomMessage,False,,No issues found by SAST,None,974-979
tests\unity\test\tests\testunity.c,testHEX32sNotWithinDelta,False,,No issues found by SAST,None,981-986
tests\unity\test\tests\testunity.c,testHEX32sNotWithinDeltaAndCustomMessage,False,,No issues found by SAST,None,988-993
tests\unity\test\tests\testunity.c,testHEX32sNotWithinDeltaEvenThoughASignedIntWouldPass,False,,No issues found by SAST,None,995-1000
tests\unity\test\tests\testunity.c,testHEX32sNotWithinDeltaEvenThoughASignedIntWouldPassAndCustomMessage,False,,No issues found by SAST,None,1002-1007
tests\unity\test\tests\testunity.c,testHEX16sWithinDelta,False,,No issues found by SAST,None,1009-1014
tests\unity\test\tests\testunity.c,testHEX16sWithinDeltaAndCustomMessage,False,,No issues found by SAST,None,1016-1021
tests\unity\test\tests\testunity.c,testHEX16sWithinDeltaWhenThereAreDifferenceOutsideOf16Bits,False,,No issues found by SAST,None,1023-1026
tests\unity\test\tests\testunity.c,testHEX16sWithinDeltaWhenThereAreDifferenceOutsideOf16BitsAndCustomMessage,False,,No issues found by SAST,None,1028-1031
tests\unity\test\tests\testunity.c,testHEX16sNotWithinDelta,False,,No issues found by SAST,None,1033-1038
tests\unity\test\tests\testunity.c,testHEX16sNotWithinDeltaAndCustomMessage,False,,No issues found by SAST,None,1040-1045
tests\unity\test\tests\testunity.c,testHEX8sWithinDelta,False,,No issues found by SAST,None,1047-1052
tests\unity\test\tests\testunity.c,testHEX8sWithinDeltaAndCustomMessage,False,,No issues found by SAST,None,1054-1059
tests\unity\test\tests\testunity.c,testHEX8sWithinDeltaWhenThereAreDifferenceOutsideOf8Bits,False,,No issues found by SAST,None,1061-1064
tests\unity\test\tests\testunity.c,testHEX8sWithinDeltaWhenThereAreDifferenceOutsideOf8BitsAndCustomMessage,False,,No issues found by SAST,None,1066-1069
tests\unity\test\tests\testunity.c,testHEX8sNotWithinDelta,False,,No issues found by SAST,None,1071-1076
tests\unity\test\tests\testunity.c,testHEX8sNotWithinDeltaAndCustomMessage,False,,No issues found by SAST,None,1078-1083
tests\unity\test\tests\testunity.c,testUINT32sWithinDelta,False,,No issues found by SAST,None,1087-1092
tests\unity\test\tests\testunity.c,testUINT32sWithinDeltaAndCustomMessage,False,,No issues found by SAST,None,1094-1099
tests\unity\test\tests\testunity.c,testUINT32sNotWithinDelta,False,,No issues found by SAST,None,1101-1106
tests\unity\test\tests\testunity.c,testUINT32sNotWithinDeltaAndCustomMessage,False,,No issues found by SAST,None,1108-1113
tests\unity\test\tests\testunity.c,testUINT32sNotWithinDeltaEvenThoughASignedIntWouldPass,False,,No issues found by SAST,None,1115-1120
tests\unity\test\tests\testunity.c,testUINT32sNotWithinDeltaEvenThoughASignedIntWouldPassAndCustomMessage,False,,No issues found by SAST,None,1122-1127
tests\unity\test\tests\testunity.c,testUINT16sWithinDelta,False,,No issues found by SAST,None,1129-1134
tests\unity\test\tests\testunity.c,testUINT16sWithinDeltaAndCustomMessage,False,,No issues found by SAST,None,1136-1141
tests\unity\test\tests\testunity.c,testUINT16sWithinDeltaWhenThereAreDifferenceOutsideOf16Bits,False,,No issues found by SAST,None,1143-1146
tests\unity\test\tests\testunity.c,testUINT16sWithinDeltaWhenThereAreDifferenceOutsideOf16BitsAndCustomMessage,False,,No issues found by SAST,None,1148-1151
tests\unity\test\tests\testunity.c,testUINT16sNotWithinDelta,False,,No issues found by SAST,None,1153-1158
tests\unity\test\tests\testunity.c,testUINT16sNotWithinDeltaAndCustomMessage,False,,No issues found by SAST,None,1160-1165
tests\unity\test\tests\testunity.c,testUINT8sWithinDelta,False,,No issues found by SAST,None,1167-1172
tests\unity\test\tests\testunity.c,testUINT8sWithinDeltaAndCustomMessage,False,,No issues found by SAST,None,1174-1179
tests\unity\test\tests\testunity.c,testUINT8sWithinDeltaWhenThereAreDifferenceOutsideOf8Bits,False,,No issues found by SAST,None,1181-1184
tests\unity\test\tests\testunity.c,testUINT8sWithinDeltaWhenThereAreDifferenceOutsideOf8BitsAndCustomMessage,False,,No issues found by SAST,None,1186-1189
tests\unity\test\tests\testunity.c,testUINT8sNotWithinDelta,False,,No issues found by SAST,None,1191-1196
tests\unity\test\tests\testunity.c,testUINT8sNotWithinDeltaAndCustomMessage,False,,No issues found by SAST,None,1198-1203
tests\unity\test\tests\testunity.c,testINT32sWithinDelta,False,,No issues found by SAST,None,1205-1210
tests\unity\test\tests\testunity.c,testINT32sWithinDeltaAndCustomMessage,False,,No issues found by SAST,None,1212-1215
tests\unity\test\tests\testunity.c,testINT32sNotWithinDelta,False,,No issues found by SAST,None,1217-1222
tests\unity\test\tests\testunity.c,testINT32sNotWithinDeltaAndDifferenceOverflows,False,,No issues found by SAST,None,1224-1229
tests\unity\test\tests\testunity.c,testINT32sNotWithinDeltaAndCustomMessage,False,,No issues found by SAST,None,1230-1235
tests\unity\test\tests\testunity.c,testINT16sWithinDelta,False,,No issues found by SAST,None,1237-1242
tests\unity\test\tests\testunity.c,testINT16sWithinDeltaAndCustomMessage,False,,No issues found by SAST,None,1244-1247
tests\unity\test\tests\testunity.c,testINT16sWithinDeltaWhenThereAreDifferenceOutsideOf16Bits,False,,No issues found by SAST,None,1249-1252
tests\unity\test\tests\testunity.c,testINT16sWithinDeltaWhenThereAreDifferenceOutsideOf16BitsAndCustomMessage,False,,No issues found by SAST,None,1254-1257
tests\unity\test\tests\testunity.c,testINT16sNotWithinDelta,False,,No issues found by SAST,None,1259-1264
tests\unity\test\tests\testunity.c,testINT16sNotWithinDeltaAndCustomMessage,False,,No issues found by SAST,None,1266-1271
tests\unity\test\tests\testunity.c,testINT8sWithinDelta,False,,No issues found by SAST,None,1273-1278
tests\unity\test\tests\testunity.c,testINT8sWithinDeltaAndCustomMessage,False,,No issues found by SAST,None,1280-1283
tests\unity\test\tests\testunity.c,testINT8sWithinDeltaWhenThereAreDifferenceOutsideOf8Bits,False,,No issues found by SAST,None,1285-1288
tests\unity\test\tests\testunity.c,testINT8sWithinDeltaWhenThereAreDifferenceOutsideOf8BitsAndCustomMessage,False,,No issues found by SAST,None,1290-1293
tests\unity\test\tests\testunity.c,testINT8sNotWithinDelta,False,,No issues found by SAST,None,1295-1300
tests\unity\test\tests\testunity.c,testINT8sNotWithinDeltaAndCustomMessage,False,,No issues found by SAST,None,1302-1307
tests\unity\test\tests\testunity.c,testGreaterThan,False,,No issues found by SAST,None,1311-1325
tests\unity\test\tests\testunity.c,testGreaterThanINT,False,,No issues found by SAST,None,1327-1341
tests\unity\test\tests\testunity.c,testGreaterThanINT8,False,,No issues found by SAST,None,1344-1358
tests\unity\test\tests\testunity.c,testGreaterThanINT16,False,,No issues found by SAST,None,1360-1374
tests\unity\test\tests\testunity.c,testGreaterThanINT32,False,,No issues found by SAST,None,1376-1390
tests\unity\test\tests\testunity.c,testGreaterThanUINT,False,,No issues found by SAST,None,1392-1406
tests\unity\test\tests\testunity.c,testGreaterThanUINT8,False,,No issues found by SAST,None,1409-1423
tests\unity\test\tests\testunity.c,testGreaterThanUINT16,False,,No issues found by SAST,None,1425-1439
tests\unity\test\tests\testunity.c,testGreaterThanUINT32,False,,No issues found by SAST,None,1441-1455
tests\unity\test\tests\testunity.c,testGreaterThanHEX8,False,,No issues found by SAST,None,1457-1471
tests\unity\test\tests\testunity.c,testGreaterThanHEX16,False,,No issues found by SAST,None,1473-1487
tests\unity\test\tests\testunity.c,testGreaterThanHEX32,False,,No issues found by SAST,None,1489-1503
tests\unity\test\tests\testunity.c,testNotGreaterThan,False,,No issues found by SAST,None,1506-1511
tests\unity\test\tests\testunity.c,testLessThan,False,,No issues found by SAST,None,1513-1527
tests\unity\test\tests\testunity.c,testLessThanINT,False,,No issues found by SAST,None,1529-1543
tests\unity\test\tests\testunity.c,testLessThanINT8,False,,No issues found by SAST,None,1546-1560
tests\unity\test\tests\testunity.c,testLessThanINT16,False,,No issues found by SAST,None,1562-1576
tests\unity\test\tests\testunity.c,testLessThanINT32,False,,No issues found by SAST,None,1578-1592
tests\unity\test\tests\testunity.c,testLessThanUINT,False,,No issues found by SAST,None,1594-1608
tests\unity\test\tests\testunity.c,testLessThanUINT8,False,,No issues found by SAST,None,1611-1625
tests\unity\test\tests\testunity.c,testLessThanUINT16,False,,No issues found by SAST,None,1627-1641
tests\unity\test\tests\testunity.c,testLessThanUINT32,False,,No issues found by SAST,None,1643-1657
tests\unity\test\tests\testunity.c,testLessThanHEX8,False,,No issues found by SAST,None,1659-1673
tests\unity\test\tests\testunity.c,testLessThanHEX16,False,,No issues found by SAST,None,1675-1689
tests\unity\test\tests\testunity.c,testLessThanHEX32,False,,No issues found by SAST,None,1691-1705
tests\unity\test\tests\testunity.c,testNotLessThan,False,,No issues found by SAST,None,1708-1713
tests\unity\test\tests\testunity.c,testEqualStrings,False,,No issues found by SAST,None,1718-1727
tests\unity\test\tests\testunity.c,testEqualStringsLen,True,CWE-126,Does not handle strings that are not \0-terminated; if given one it may perform an over-read (it could cause a crash if unprotected) (CWE-126).,SAST_FLAWFINDER,1729-1737
tests\unity\test\tests\testunity.c,testEqualStringsLen,True,,strlen,SAST_RATS,1729-1737
tests\unity\test\tests\testunity.c,testEqualStringsWithCarriageReturnsAndLineFeeds,False,,No issues found by SAST,None,1739-1748
tests\unity\test\tests\testunity.c,testNotEqualString1,False,,No issues found by SAST,None,1750-1755
tests\unity\test\tests\testunity.c,testNotEqualStringLen1,False,,No issues found by SAST,None,1757-1762
tests\unity\test\tests\testunity.c,testNotEqualString2,False,,No issues found by SAST,None,1764-1769
tests\unity\test\tests\testunity.c,testNotEqualStringLen2,False,,No issues found by SAST,None,1771-1776
tests\unity\test\tests\testunity.c,testNotEqualString3,False,,No issues found by SAST,None,1778-1783
tests\unity\test\tests\testunity.c,testNotEqualStringLen3,False,,No issues found by SAST,None,1785-1790
tests\unity\test\tests\testunity.c,testNotEqualString4,False,,No issues found by SAST,None,1792-1797
tests\unity\test\tests\testunity.c,testNotEqualStringLen4,False,,No issues found by SAST,None,1799-1804
tests\unity\test\tests\testunity.c,testNotEqualString5,False,,No issues found by SAST,None,1806-1813
tests\unity\test\tests\testunity.c,testNotEqualString_ExpectedStringIsNull,False,,No issues found by SAST,None,1815-1820
tests\unity\test\tests\testunity.c,testNotEqualStringLen_ExpectedStringIsNull,False,,No issues found by SAST,None,1822-1827
tests\unity\test\tests\testunity.c,testNotEqualString_ActualStringIsNull,False,,No issues found by SAST,None,1829-1834
tests\unity\test\tests\testunity.c,testNotEqualStringLen_ActualStringIsNull,False,,No issues found by SAST,None,1836-1841
tests\unity\test\tests\testunity.c,testEqualStringArrays,False,,No issues found by SAST,None,1843-1852
tests\unity\test\tests\testunity.c,testNotEqualStringArray1,False,,No issues found by SAST,None,1854-1862
tests\unity\test\tests\testunity.c,testNotEqualStringArray2,False,,No issues found by SAST,None,1864-1872
tests\unity\test\tests\testunity.c,testNotEqualStringArray3,False,,No issues found by SAST,None,1874-1882
tests\unity\test\tests\testunity.c,testNotEqualStringArray4,False,,No issues found by SAST,None,1884-1892
tests\unity\test\tests\testunity.c,testNotEqualStringArray5,False,,No issues found by SAST,None,1894-1902
tests\unity\test\tests\testunity.c,testNotEqualStringArray6,False,,No issues found by SAST,None,1904-1912
tests\unity\test\tests\testunity.c,testEqualStringArrayIfBothNulls,False,,No issues found by SAST,None,1914-1920
tests\unity\test\tests\testunity.c,testNotEqualStringArrayLengthZero,False,,No issues found by SAST,None,1922-1930
tests\unity\test\tests\testunity.c,testEqualStringEachEqual,False,,No issues found by SAST,None,1932-1942
tests\unity\test\tests\testunity.c,testNotEqualStringEachEqual1,False,,No issues found by SAST,None,1944-1951
tests\unity\test\tests\testunity.c,testNotEqualStringEachEqual2,False,,No issues found by SAST,None,1953-1960
tests\unity\test\tests\testunity.c,testNotEqualStringEachEqual3,False,,No issues found by SAST,None,1962-1969
tests\unity\test\tests\testunity.c,testNotEqualStringEachEqual4,False,,No issues found by SAST,None,1971-1978
tests\unity\test\tests\testunity.c,testNotEqualStringEachEqual5,False,,No issues found by SAST,None,1980-1985
tests\unity\test\tests\testunity.c,testEqualMemory,False,,No issues found by SAST,None,1987-1997
tests\unity\test\tests\testunity.c,testNotEqualMemory1,False,,No issues found by SAST,None,1999-2004
tests\unity\test\tests\testunity.c,testNotEqualMemory2,False,,No issues found by SAST,None,2006-2011
tests\unity\test\tests\testunity.c,testNotEqualMemory3,False,,No issues found by SAST,None,2013-2018
tests\unity\test\tests\testunity.c,testNotEqualMemory4,False,,No issues found by SAST,None,2020-2025
tests\unity\test\tests\testunity.c,testNotEqualMemoryLengthZero,False,,No issues found by SAST,None,2027-2032
tests\unity\test\tests\testunity.c,testEqualIntArrays,False,,No issues found by SAST,None,2034-2047
tests\unity\test\tests\testunity.c,testNotEqualIntArraysNullExpected,False,,No issues found by SAST,None,2049-2057
tests\unity\test\tests\testunity.c,testNotEqualIntArraysNullActual,False,,No issues found by SAST,None,2059-2067
tests\unity\test\tests\testunity.c,testNotEqualIntArrays1,False,,No issues found by SAST,None,2069-2077
tests\unity\test\tests\testunity.c,testNotEqualIntArrays2,False,,No issues found by SAST,None,2079-2087
tests\unity\test\tests\testunity.c,testNotEqualIntArrays3,False,,No issues found by SAST,None,2089-2097
tests\unity\test\tests\testunity.c,testNotEqualIntArraysLengthZero,False,,No issues found by SAST,None,2099-2107
tests\unity\test\tests\testunity.c,testEqualIntEachEqual,False,,No issues found by SAST,None,2109-2121
tests\unity\test\tests\testunity.c,testNotEqualIntEachEqualNullActual,False,,No issues found by SAST,None,2123-2130
tests\unity\test\tests\testunity.c,testNotEqualIntEachEqual1,False,,No issues found by SAST,None,2132-2139
tests\unity\test\tests\testunity.c,testNotEqualIntEachEqual2,False,,No issues found by SAST,None,2141-2148
tests\unity\test\tests\testunity.c,testNotEqualIntEachEqual3,False,,No issues found by SAST,None,2150-2157
tests\unity\test\tests\testunity.c,testNotEqualEachEqualLengthZero,False,,No issues found by SAST,None,2159-2166
tests\unity\test\tests\testunity.c,testEqualPtrArrays,False,,No issues found by SAST,None,2168-2183
tests\unity\test\tests\testunity.c,testNotEqualPtrArraysNullExpected,False,,No issues found by SAST,None,2185-2195
tests\unity\test\tests\testunity.c,testNotEqualPtrArraysNullActual,False,,No issues found by SAST,None,2197-2207
tests\unity\test\tests\testunity.c,testNotEqualPtrArrays1,False,,No issues found by SAST,None,2209-2220
tests\unity\test\tests\testunity.c,testNotEqualPtrArrays2,False,,No issues found by SAST,None,2222-2233
tests\unity\test\tests\testunity.c,testNotEqualPtrArrays3,False,,No issues found by SAST,None,2235-2246
tests\unity\test\tests\testunity.c,testEqualPtrEachEqual,False,,No issues found by SAST,None,2248-2263
tests\unity\test\tests\testunity.c,testNotEqualPtrEachEqualNullExpected,False,,No issues found by SAST,None,2265-2274
tests\unity\test\tests\testunity.c,testNotEqualPtrEachEqualNullActual,False,,No issues found by SAST,None,2276-2284
tests\unity\test\tests\testunity.c,testNotEqualPtrEachEqual1,False,,No issues found by SAST,None,2286-2295
tests\unity\test\tests\testunity.c,testNotEqualPtrEachEqual2,False,,No issues found by SAST,None,2297-2306
tests\unity\test\tests\testunity.c,testNotEqualPtrEachEqual3,False,,No issues found by SAST,None,2308-2317
tests\unity\test\tests\testunity.c,testEqualInt8Arrays,False,,No issues found by SAST,None,2319-2331
tests\unity\test\tests\testunity.c,testNotEqualInt8Arrays,False,,No issues found by SAST,None,2333-2341
tests\unity\test\tests\testunity.c,testEqualInt8EachEqual,False,,No issues found by SAST,None,2343-2355
tests\unity\test\tests\testunity.c,testNotEqualInt8EachEqual,False,,No issues found by SAST,None,2357-2364
tests\unity\test\tests\testunity.c,testEqualUIntArrays,False,,No issues found by SAST,None,2366-2378
tests\unity\test\tests\testunity.c,testNotEqualUIntArrays1,False,,No issues found by SAST,None,2380-2388
tests\unity\test\tests\testunity.c,testNotEqualUIntArrays2,False,,No issues found by SAST,None,2390-2398
tests\unity\test\tests\testunity.c,testNotEqualUIntArrays3,False,,No issues found by SAST,None,2400-2408
tests\unity\test\tests\testunity.c,testEqualUIntEachEqual,False,,No issues found by SAST,None,2410-2422
tests\unity\test\tests\testunity.c,testNotEqualUIntEachEqual1,False,,No issues found by SAST,None,2424-2431
tests\unity\test\tests\testunity.c,testNotEqualUIntEachEqual2,False,,No issues found by SAST,None,2433-2440
tests\unity\test\tests\testunity.c,testNotEqualUIntEachEqual3,False,,No issues found by SAST,None,2442-2449
tests\unity\test\tests\testunity.c,testEqualInt16Arrays,False,,No issues found by SAST,None,2451-2463
tests\unity\test\tests\testunity.c,testNotEqualInt16Arrays,False,,No issues found by SAST,None,2465-2473
tests\unity\test\tests\testunity.c,testEqualInt16EachEqual,False,,No issues found by SAST,None,2475-2487
tests\unity\test\tests\testunity.c,testNotEqualInt16EachEqual,False,,No issues found by SAST,None,2489-2496
tests\unity\test\tests\testunity.c,testEqualInt32Arrays,False,,No issues found by SAST,None,2498-2510
tests\unity\test\tests\testunity.c,testNotEqualInt32Arrays,False,,No issues found by SAST,None,2512-2520
tests\unity\test\tests\testunity.c,testEqualInt32EachEqual,False,,No issues found by SAST,None,2522-2534
tests\unity\test\tests\testunity.c,testNotEqualInt32EachEqual,False,,No issues found by SAST,None,2536-2543
tests\unity\test\tests\testunity.c,testEqualUINT8Arrays,False,,No issues found by SAST,None,2545-2557
tests\unity\test\tests\testunity.c,testNotEqualUINT8Arrays1,False,,No issues found by SAST,None,2559-2567
tests\unity\test\tests\testunity.c,testNotEqualUINT8Arrays2,False,,No issues found by SAST,None,2569-2577
tests\unity\test\tests\testunity.c,testNotEqualUINT8Arrays3,False,,No issues found by SAST,None,2579-2587
tests\unity\test\tests\testunity.c,testEqualUINT16Arrays,False,,No issues found by SAST,None,2590-2602
tests\unity\test\tests\testunity.c,testNotEqualUINT16Arrays1,False,,No issues found by SAST,None,2604-2612
tests\unity\test\tests\testunity.c,testNotEqualUINT16Arrays2,False,,No issues found by SAST,None,2614-2622
tests\unity\test\tests\testunity.c,testNotEqualUINT16Arrays3,False,,No issues found by SAST,None,2624-2632
tests\unity\test\tests\testunity.c,testEqualUINT32Arrays,False,,No issues found by SAST,None,2634-2646
tests\unity\test\tests\testunity.c,testNotEqualUINT32Arrays1,False,,No issues found by SAST,None,2648-2656
tests\unity\test\tests\testunity.c,testNotEqualUINT32Arrays2,False,,No issues found by SAST,None,2658-2666
tests\unity\test\tests\testunity.c,testNotEqualUINT32Arrays3,False,,No issues found by SAST,None,2668-2676
tests\unity\test\tests\testunity.c,testEqualHEXArrays,False,,No issues found by SAST,None,2678-2690
tests\unity\test\tests\testunity.c,testNotEqualHEXArrays1,False,,No issues found by SAST,None,2692-2700
tests\unity\test\tests\testunity.c,testNotEqualHEXArrays2,False,,No issues found by SAST,None,2702-2710
tests\unity\test\tests\testunity.c,testNotEqualHEXArrays3,False,,No issues found by SAST,None,2712-2720
tests\unity\test\tests\testunity.c,testEqualHEX32Arrays,False,,No issues found by SAST,None,2722-2734
tests\unity\test\tests\testunity.c,testNotEqualHEX32Arrays1,False,,No issues found by SAST,None,2736-2744
tests\unity\test\tests\testunity.c,testNotEqualHEX32Arrays2,False,,No issues found by SAST,None,2746-2754
tests\unity\test\tests\testunity.c,testNotEqualHEX32Arrays3,False,,No issues found by SAST,None,2756-2764
tests\unity\test\tests\testunity.c,testEqualHEX16Arrays,False,,No issues found by SAST,None,2766-2778
tests\unity\test\tests\testunity.c,testNotEqualHEX16Arrays1,False,,No issues found by SAST,None,2780-2788
tests\unity\test\tests\testunity.c,testNotEqualHEX16Arrays2,False,,No issues found by SAST,None,2790-2798
tests\unity\test\tests\testunity.c,testNotEqualHEX16Arrays3,False,,No issues found by SAST,None,2800-2808
tests\unity\test\tests\testunity.c,testEqualHEX8Arrays,False,,No issues found by SAST,None,2810-2822
tests\unity\test\tests\testunity.c,testNotEqualHEX8Arrays1,False,,No issues found by SAST,None,2824-2832
tests\unity\test\tests\testunity.c,testNotEqualHEX8Arrays2,False,,No issues found by SAST,None,2834-2842
tests\unity\test\tests\testunity.c,testNotEqualHEX8Arrays3,False,,No issues found by SAST,None,2844-2852
tests\unity\test\tests\testunity.c,testEqualUINT8EachEqual,False,,No issues found by SAST,None,2854-2866
tests\unity\test\tests\testunity.c,testNotEqualUINT8EachEqual1,False,,No issues found by SAST,None,2868-2875
tests\unity\test\tests\testunity.c,testNotEqualUINT8EachEqual2,False,,No issues found by SAST,None,2877-2884
tests\unity\test\tests\testunity.c,testNotEqualUINT8EachEqual3,False,,No issues found by SAST,None,2886-2893
tests\unity\test\tests\testunity.c,testEqualUINT16EachEqual,False,,No issues found by SAST,None,2895-2907
tests\unity\test\tests\testunity.c,testNotEqualUINT16EachEqual1,False,,No issues found by SAST,None,2909-2916
tests\unity\test\tests\testunity.c,testNotEqualUINT16EachEqual2,False,,No issues found by SAST,None,2918-2925
tests\unity\test\tests\testunity.c,testNotEqualUINT16EachEqual3,False,,No issues found by SAST,None,2927-2934
tests\unity\test\tests\testunity.c,testEqualUINT32EachEqual,False,,No issues found by SAST,None,2936-2948
tests\unity\test\tests\testunity.c,testNotEqualUINT32EachEqual1,False,,No issues found by SAST,None,2950-2957
tests\unity\test\tests\testunity.c,testNotEqualUINT32EachEqual2,False,,No issues found by SAST,None,2959-2966
tests\unity\test\tests\testunity.c,testNotEqualUINT32EachEqual3,False,,No issues found by SAST,None,2968-2975
tests\unity\test\tests\testunity.c,testEqualHEXEachEqual,False,,No issues found by SAST,None,2977-2989
tests\unity\test\tests\testunity.c,testNotEqualHEXEachEqual1,False,,No issues found by SAST,None,2991-2998
tests\unity\test\tests\testunity.c,testNotEqualHEXEachEqual2,False,,No issues found by SAST,None,3000-3007
tests\unity\test\tests\testunity.c,testNotEqualHEXEachEqual3,False,,No issues found by SAST,None,3009-3016
tests\unity\test\tests\testunity.c,testEqualHEX32EachEqual,False,,No issues found by SAST,None,3018-3030
tests\unity\test\tests\testunity.c,testNotEqualHEX32EachEqual1,False,,No issues found by SAST,None,3032-3039
tests\unity\test\tests\testunity.c,testNotEqualHEX32EachEqual2,False,,No issues found by SAST,None,3041-3048
tests\unity\test\tests\testunity.c,testNotEqualHEX32EachEqual3,False,,No issues found by SAST,None,3050-3057
tests\unity\test\tests\testunity.c,testEqualHEX16EachEqual,False,,No issues found by SAST,None,3059-3071
tests\unity\test\tests\testunity.c,testNotEqualHEX16EachEqual1,False,,No issues found by SAST,None,3073-3080
tests\unity\test\tests\testunity.c,testNotEqualHEX16EachEqual2,False,,No issues found by SAST,None,3082-3089
tests\unity\test\tests\testunity.c,testNotEqualHEX16EachEqual3,False,,No issues found by SAST,None,3091-3098
tests\unity\test\tests\testunity.c,testEqualHEX8EachEqual,False,,No issues found by SAST,None,3100-3112
tests\unity\test\tests\testunity.c,testNotEqualHEX8EachEqual1,False,,No issues found by SAST,None,3114-3121
tests\unity\test\tests\testunity.c,testNotEqualHEX8EachEqual2,False,,No issues found by SAST,None,3123-3130
tests\unity\test\tests\testunity.c,testNotEqualHEX8EachEqual3,False,,No issues found by SAST,None,3132-3139
tests\unity\test\tests\testunity.c,testEqualMemoryArrays,False,,No issues found by SAST,None,3141-3153
tests\unity\test\tests\testunity.c,testNotEqualMemoryArraysExpectedNull,False,,No issues found by SAST,None,3155-3163
tests\unity\test\tests\testunity.c,testNotEqualMemoryArraysActualNull,False,,No issues found by SAST,None,3165-3173
tests\unity\test\tests\testunity.c,testNotEqualMemoryArrays1,False,,No issues found by SAST,None,3175-3183
tests\unity\test\tests\testunity.c,testNotEqualMemoryArrays2,False,,No issues found by SAST,None,3185-3193
tests\unity\test\tests\testunity.c,testNotEqualMemoryArrays3,False,,No issues found by SAST,None,3195-3203
tests\unity\test\tests\testunity.c,testEqualMemoryEachEqual,False,,No issues found by SAST,None,3205-3218
tests\unity\test\tests\testunity.c,testNotEqualMemoryEachEqualExpectedNull,False,,No issues found by SAST,None,3220-3228
tests\unity\test\tests\testunity.c,testNotEqualMemoryEachEqualActualNull,False,,No issues found by SAST,None,3230-3238
tests\unity\test\tests\testunity.c,testNotEqualMemoryEachEqual1,False,,No issues found by SAST,None,3240-3248
tests\unity\test\tests\testunity.c,testNotEqualMemoryEachEqual2,False,,No issues found by SAST,None,3250-3258
tests\unity\test\tests\testunity.c,testNotEqualMemoryEachEqual3,False,,No issues found by SAST,None,3260-3268
tests\unity\test\tests\testunity.c,testProtection,False,,No issues found by SAST,None,3270-3286
tests\unity\test\tests\testunity.c,testIgnoredAndThenFailInTearDown,False,,No issues found by SAST,None,3288-3292
tests\unity\test\tests\testunity.c,startPutcharSpy,False,,No issues found by SAST,None,3312-3313
tests\unity\test\tests\testunity.c,endPutcharSpy,False,,No issues found by SAST,None,3314-3315
tests\unity\test\tests\testunity.c,putcharSpy,False,,No issues found by SAST,None,3326-3336
tests\unity\test\tests\testunity.c,testFailureCountIncrementsAndIsReturnedAtEnd,False,,No issues found by SAST,None,3338-3352
tests\unity\test\tests\testunity.c,testCstringsEscapeSequence,False,,No issues found by SAST,None,3354-3364
tests\unity\test\tests\testunity.c,testHexPrintsUpToMaxNumberOfNibbles,True,CWE-126,Does not handle strings that are not \0-terminated; if given one it may perform an over-read (it could cause a crash if unprotected) (CWE-126).,SAST_FLAWFINDER,3366-3376
tests\unity\test\tests\testunity.c,testHexPrintsUpToMaxNumberOfNibbles,True,,strlen,SAST_RATS,3366-3376
tests\unity\test\tests\testunity.c,testPrintNumbers32,False,,No issues found by SAST,None,3388-3400
tests\unity\test\tests\testunity.c,testPrintNumbersUnsigned32,False,,No issues found by SAST,None,3402-3413
tests\unity\test\tests\testunity.c,testPrintNumbersInt64,False,,No issues found by SAST,None,3417-3431
tests\unity\test\tests\testunity.c,testPrintNumbersUInt64,False,,No issues found by SAST,None,3433-3447
tests\unity\test\tests\testunity.c,testEqualHex64s,False,,No issues found by SAST,None,3449-3470
tests\unity\test\tests\testunity.c,testEqualUint64s,False,,No issues found by SAST,None,3472-3493
tests\unity\test\tests\testunity.c,testEqualInt64s,False,,No issues found by SAST,None,3495-3516
tests\unity\test\tests\testunity.c,testNotEqualHex64s,False,,No issues found by SAST,None,3519-3533
tests\unity\test\tests\testunity.c,testNotEqualUint64s,False,,No issues found by SAST,None,3535-3549
tests\unity\test\tests\testunity.c,testNotEqualInt64s,False,,No issues found by SAST,None,3551-3565
tests\unity\test\tests\testunity.c,testNotEqualHex64sIfSigned,False,,No issues found by SAST,None,3567-3581
tests\unity\test\tests\testunity.c,testHEX64sWithinDelta,False,,No issues found by SAST,None,3583-3592
tests\unity\test\tests\testunity.c,testHEX64sNotWithinDelta,False,,No issues found by SAST,None,3594-3603
tests\unity\test\tests\testunity.c,testHEX64sNotWithinDeltaEvenThoughASignedIntWouldPass,False,,No issues found by SAST,None,3605-3614
tests\unity\test\tests\testunity.c,testUINT64sWithinDelta,False,,No issues found by SAST,None,3616-3625
tests\unity\test\tests\testunity.c,testUINT64sNotWithinDelta,False,,No issues found by SAST,None,3627-3636
tests\unity\test\tests\testunity.c,testUINT64sNotWithinDeltaEvenThoughASignedIntWouldPass,False,,No issues found by SAST,None,3638-3647
tests\unity\test\tests\testunity.c,testINT64sWithinDelta,False,,No issues found by SAST,None,3649-3658
tests\unity\test\tests\testunity.c,testINT64sNotWithinDelta,False,,No issues found by SAST,None,3660-3669
tests\unity\test\tests\testunity.c,testINT64sNotWithinDeltaAndDifferenceOverflows,False,,No issues found by SAST,None,3671-3680
tests\unity\test\tests\testunity.c,testEqualHEX64Arrays,False,,No issues found by SAST,None,3682-3698
tests\unity\test\tests\testunity.c,testEqualUint64Arrays,False,,No issues found by SAST,None,3700-3716
tests\unity\test\tests\testunity.c,testEqualInt64Arrays,False,,No issues found by SAST,None,3718-3734
tests\unity\test\tests\testunity.c,testNotEqualHEX64Arrays1,False,,No issues found by SAST,None,3737-3749
tests\unity\test\tests\testunity.c,testNotEqualHEX64Arrays2,False,,No issues found by SAST,None,3751-3763
tests\unity\test\tests\testunity.c,testNotEqualUint64Arrays,False,,No issues found by SAST,None,3765-3777
tests\unity\test\tests\testunity.c,testNotEqualInt64Arrays,False,,No issues found by SAST,None,3779-3791
tests\unity\test\tests\testunity.c,testFloatsWithinDelta,False,,No issues found by SAST,None,3794-3804
tests\unity\test\tests\testunity.c,testFloatsNotWithinDelta,False,,No issues found by SAST,None,3806-3815
tests\unity\test\tests\testunity.c,testFloatsEqual,False,,No issues found by SAST,None,3817-3827
tests\unity\test\tests\testunity.c,testFloatsNotEqual,False,,No issues found by SAST,None,3829-3838
tests\unity\test\tests\testunity.c,testFloatsNotEqualNegative1,False,,No issues found by SAST,None,3840-3849
tests\unity\test\tests\testunity.c,testFloatsNotEqualNegative2,False,,No issues found by SAST,None,3851-3860
tests\unity\test\tests\testunity.c,testFloatsNotEqualActualNaN,True,CWE-398,Same expression on both sides of '/'.,SAST_CPPCHECK,3862-3871
tests\unity\test\tests\testunity.c,testFloatsNotEqualExpectedNaN,True,CWE-398,Same expression on both sides of '/'.,SAST_CPPCHECK,3873-3882
tests\unity\test\tests\testunity.c,testFloatsEqualBothNaN,True,CWE-398,Same expression on both sides of '/'.,SAST_CPPCHECK,3884-3891
tests\unity\test\tests\testunity.c,testFloatsNotEqualInfNaN,True,CWE-398,Same expression on both sides of '/'.,SAST_CPPCHECK,3893-3902
tests\unity\test\tests\testunity.c,testFloatsNotEqualNaNInf,True,CWE-398,Same expression on both sides of '/'.,SAST_CPPCHECK,3904-3913
tests\unity\test\tests\testunity.c,testFloatsNotEqualActualInf,False,,No issues found by SAST,None,3915-3924
tests\unity\test\tests\testunity.c,testFloatsNotEqualExpectedInf,False,,No issues found by SAST,None,3926-3935
tests\unity\test\tests\testunity.c,testFloatsEqualBothInf,False,,No issues found by SAST,None,3937-3944
tests\unity\test\tests\testunity.c,testFloatsNotEqualPlusMinusInf,False,,No issues found by SAST,None,3946-3955
tests\unity\test\tests\testunity.c,testFloatIsPosInf1,False,,No issues found by SAST,None,3957-3964
tests\unity\test\tests\testunity.c,testFloatIsPosInf2,False,,No issues found by SAST,None,3966-3975
tests\unity\test\tests\testunity.c,testFloatIsNegInf1,False,,No issues found by SAST,None,3977-3984
tests\unity\test\tests\testunity.c,testFloatIsNegInf2,False,,No issues found by SAST,None,3986-3995
tests\unity\test\tests\testunity.c,testFloatIsNotPosInf1,False,,No issues found by SAST,None,3997-4006
tests\unity\test\tests\testunity.c,testFloatIsNotPosInf2,False,,No issues found by SAST,None,4008-4015
tests\unity\test\tests\testunity.c,testFloatIsNotNegInf,False,,No issues found by SAST,None,4017-4026
tests\unity\test\tests\testunity.c,testFloatIsNan1,True,CWE-398,Same expression on both sides of '/'.,SAST_CPPCHECK,4028-4035
tests\unity\test\tests\testunity.c,testFloatIsNan2,True,CWE-398,Same expression on both sides of '/'.,SAST_CPPCHECK,4037-4046
tests\unity\test\tests\testunity.c,testFloatIsNotNan1,False,,No issues found by SAST,None,4048-4057
tests\unity\test\tests\testunity.c,testFloatIsNotNan2,False,,No issues found by SAST,None,4059-4066
tests\unity\test\tests\testunity.c,testFloatInfIsNotNan,False,,No issues found by SAST,None,4068-4077
tests\unity\test\tests\testunity.c,testFloatNanIsNotInf,True,CWE-398,Same expression on both sides of '/'.,SAST_CPPCHECK,4079-4088
tests\unity\test\tests\testunity.c,testFloatIsDeterminate1,False,,No issues found by SAST,None,4090-4099
tests\unity\test\tests\testunity.c,testFloatIsDeterminate2,False,,No issues found by SAST,None,4101-4110
tests\unity\test\tests\testunity.c,testFloatIsNotDeterminate1,True,CWE-398,Same expression on both sides of '/'.,SAST_CPPCHECK,4112-4121
tests\unity\test\tests\testunity.c,testFloatIsNotDeterminate2,False,,No issues found by SAST,None,4123-4132
tests\unity\test\tests\testunity.c,testFloatTraitFailsOnInvalidTrait,False,,No issues found by SAST,None,4134-4143
tests\unity\test\tests\testunity.c,testEqualFloatArrays,False,,No issues found by SAST,None,4146-4163
tests\unity\test\tests\testunity.c,testNotEqualFloatArraysExpectedNull,False,,No issues found by SAST,None,4165-4177
tests\unity\test\tests\testunity.c,testNotEqualFloatArraysActualNull,False,,No issues found by SAST,None,4179-4191
tests\unity\test\tests\testunity.c,testNotEqualFloatArrays1,False,,No issues found by SAST,None,4193-4205
tests\unity\test\tests\testunity.c,testNotEqualFloatArrays2,False,,No issues found by SAST,None,4207-4219
tests\unity\test\tests\testunity.c,testNotEqualFloatArrays3,False,,No issues found by SAST,None,4221-4233
tests\unity\test\tests\testunity.c,testNotEqualFloatArraysNegative1,False,,No issues found by SAST,None,4235-4247
tests\unity\test\tests\testunity.c,testNotEqualFloatArraysNegative2,False,,No issues found by SAST,None,4249-4261
tests\unity\test\tests\testunity.c,testNotEqualFloatArraysNegative3,False,,No issues found by SAST,None,4263-4275
tests\unity\test\tests\testunity.c,testEqualFloatArraysNaN,True,CWE-398,Same expression on both sides of '/'.,SAST_CPPCHECK,4277-4287
tests\unity\test\tests\testunity.c,testEqualFloatArraysInf,False,,No issues found by SAST,None,4289-4299
tests\unity\test\tests\testunity.c,testNotEqualFloatArraysLengthZero,False,,No issues found by SAST,None,4301-4313
tests\unity\test\tests\testunity.c,testEqualFloatEachEqual,False,,No issues found by SAST,None,4315-4331
tests\unity\test\tests\testunity.c,testNotEqualFloatEachEqualActualNull,False,,No issues found by SAST,None,4333-4344
tests\unity\test\tests\testunity.c,testNotEqualFloatEachEqual1,False,,No issues found by SAST,None,4346-4357
tests\unity\test\tests\testunity.c,testNotEqualFloatEachEqual2,False,,No issues found by SAST,None,4359-4370
tests\unity\test\tests\testunity.c,testNotEqualFloatEachEqual3,False,,No issues found by SAST,None,4372-4383
tests\unity\test\tests\testunity.c,testNotEqualFloatEachEqualNegative1,False,,No issues found by SAST,None,4385-4396
tests\unity\test\tests\testunity.c,testNotEqualFloatEachEqualNegative2,False,,No issues found by SAST,None,4398-4409
tests\unity\test\tests\testunity.c,testNotEqualFloatEachEqualNegative3,False,,No issues found by SAST,None,4411-4422
tests\unity\test\tests\testunity.c,testEqualFloatEachEqualNaN,True,CWE-398,Same expression on both sides of '/'.,SAST_CPPCHECK,4424-4433
tests\unity\test\tests\testunity.c,testEqualFloatEachEqualInf,False,,No issues found by SAST,None,4435-4444
tests\unity\test\tests\testunity.c,testNotEqualFloatEachEqualLengthZero,False,,No issues found by SAST,None,4446-4457
tests\unity\test\tests\testunity.c,testFloatPrinting,False,,No issues found by SAST,None,4464-4510
tests\unity\test\tests\testunity.c,testFloatPrintingInfinityAndNaN,False,,No issues found by SAST,None,4512-4522
tests\unity\test\tests\testunity.c,printFloatValue,True,CWE-120,Does not check for buffer overflows when copying to destination [MS-banned] (CWE-120).,SAST_FLAWFINDER,4525-4554
tests\unity\test\tests\testunity.c,printFloatValue,True,CWE-120,Does not check for buffer overflows (CWE-120).,SAST_FLAWFINDER,4525-4554
tests\unity\test\tests\testunity.c,printFloatValue,True,,sprintf,SAST_RATS,4525-4554
tests\unity\test\tests\testunity.c,printFloatValue,True,,strcpy,SAST_RATS,4525-4554
tests\unity\test\tests\testunity.c,printFloatValue,True,CWE-119,"Statically-sized arrays can be improperly restricted, leading to potential overflows or other issues (CWE-119!/CWE-120).",SAST_FLAWFINDER,4525-4554
tests\unity\test\tests\testunity.c,testFloatPrintingRandomSamples,False,,No issues found by SAST,None,4557-4581
tests\unity\test\tests\testunity.c,testDoublesWithinDelta,False,,No issues found by SAST,None,4585-4595
tests\unity\test\tests\testunity.c,testDoublesNotWithinDelta,False,,No issues found by SAST,None,4597-4606
tests\unity\test\tests\testunity.c,testDoublesEqual,False,,No issues found by SAST,None,4609-4619
tests\unity\test\tests\testunity.c,testDoublesNotEqual,False,,No issues found by SAST,None,4621-4630
tests\unity\test\tests\testunity.c,testDoublesNotEqualNegative1,False,,No issues found by SAST,None,4632-4641
tests\unity\test\tests\testunity.c,testDoublesNotEqualNegative2,False,,No issues found by SAST,None,4643-4652
tests\unity\test\tests\testunity.c,testDoublesNotEqualActualNaN,True,CWE-398,Same expression on both sides of '/'.,SAST_CPPCHECK,4654-4663
tests\unity\test\tests\testunity.c,testDoublesNotEqualExpectedNaN,True,CWE-398,Same expression on both sides of '/'.,SAST_CPPCHECK,4665-4674
tests\unity\test\tests\testunity.c,testDoublesEqualBothNaN,True,CWE-398,Same expression on both sides of '/'.,SAST_CPPCHECK,4676-4683
tests\unity\test\tests\testunity.c,testDoublesNotEqualInfNaN,True,CWE-398,Same expression on both sides of '/'.,SAST_CPPCHECK,4685-4694
tests\unity\test\tests\testunity.c,testDoublesNotEqualNaNInf,True,CWE-398,Same expression on both sides of '/'.,SAST_CPPCHECK,4696-4705
tests\unity\test\tests\testunity.c,testDoublesNotEqualActualInf,False,,No issues found by SAST,None,4707-4716
tests\unity\test\tests\testunity.c,testDoublesNotEqualExpectedInf,False,,No issues found by SAST,None,4718-4727
tests\unity\test\tests\testunity.c,testDoublesEqualBothInf,False,,No issues found by SAST,None,4729-4736
tests\unity\test\tests\testunity.c,testDoublesNotEqualPlusMinusInf,False,,No issues found by SAST,None,4738-4747
tests\unity\test\tests\testunity.c,testDoubleIsPosInf1,False,,No issues found by SAST,None,4749-4756
tests\unity\test\tests\testunity.c,testDoubleIsPosInf2,False,,No issues found by SAST,None,4758-4767
tests\unity\test\tests\testunity.c,testDoubleIsNegInf1,False,,No issues found by SAST,None,4769-4776
tests\unity\test\tests\testunity.c,testDoubleIsNegInf2,False,,No issues found by SAST,None,4778-4787
tests\unity\test\tests\testunity.c,testDoubleIsNotPosInf1,False,,No issues found by SAST,None,4789-4798
tests\unity\test\tests\testunity.c,testDoubleIsNotPosInf2,False,,No issues found by SAST,None,4800-4807
tests\unity\test\tests\testunity.c,testDoubleIsNotNegInf,False,,No issues found by SAST,None,4809-4818
tests\unity\test\tests\testunity.c,testDoubleIsNan1,True,CWE-398,Same expression on both sides of '/'.,SAST_CPPCHECK,4820-4827
tests\unity\test\tests\testunity.c,testDoubleIsNan2,True,CWE-398,Same expression on both sides of '/'.,SAST_CPPCHECK,4829-4838
tests\unity\test\tests\testunity.c,testDoubleIsNotNan1,False,,No issues found by SAST,None,4840-4849
tests\unity\test\tests\testunity.c,testDoubleIsNotNan2,False,,No issues found by SAST,None,4851-4858
tests\unity\test\tests\testunity.c,testDoubleInfIsNotNan,False,,No issues found by SAST,None,4860-4869
tests\unity\test\tests\testunity.c,testDoubleNanIsNotInf,True,CWE-398,Same expression on both sides of '/'.,SAST_CPPCHECK,4871-4880
tests\unity\test\tests\testunity.c,testDoubleIsDeterminate1,False,,No issues found by SAST,None,4882-4891
tests\unity\test\tests\testunity.c,testDoubleIsDeterminate2,False,,No issues found by SAST,None,4893-4902
tests\unity\test\tests\testunity.c,testDoubleIsNotDeterminate1,True,CWE-398,Same expression on both sides of '/'.,SAST_CPPCHECK,4904-4913
tests\unity\test\tests\testunity.c,testDoubleIsNotDeterminate2,False,,No issues found by SAST,None,4915-4924
tests\unity\test\tests\testunity.c,testDoubleTraitFailsOnInvalidTrait,False,,No issues found by SAST,None,4926-4935
tests\unity\test\tests\testunity.c,testEqualDoubleArrays,False,,No issues found by SAST,None,4937-4954
tests\unity\test\tests\testunity.c,testNotEqualDoubleArraysExpectedNull,False,,No issues found by SAST,None,4956-4968
tests\unity\test\tests\testunity.c,testNotEqualDoubleArraysActualNull,False,,No issues found by SAST,None,4970-4982
tests\unity\test\tests\testunity.c,testNotEqualDoubleArrays1,False,,No issues found by SAST,None,4984-4996
tests\unity\test\tests\testunity.c,testNotEqualDoubleArrays2,False,,No issues found by SAST,None,4998-5010
tests\unity\test\tests\testunity.c,testNotEqualDoubleArrays3,False,,No issues found by SAST,None,5012-5024
tests\unity\test\tests\testunity.c,testNotEqualDoubleArraysNegative1,False,,No issues found by SAST,None,5026-5038
tests\unity\test\tests\testunity.c,testNotEqualDoubleArraysNegative2,False,,No issues found by SAST,None,5040-5052
tests\unity\test\tests\testunity.c,testNotEqualDoubleArraysNegative3,False,,No issues found by SAST,None,5054-5066
tests\unity\test\tests\testunity.c,testEqualDoubleArraysNaN,True,CWE-398,Same expression on both sides of '/'.,SAST_CPPCHECK,5068-5078
tests\unity\test\tests\testunity.c,testEqualDoubleArraysInf,False,,No issues found by SAST,None,5080-5090
tests\unity\test\tests\testunity.c,testNotEqualDoubleArraysLengthZero,False,,No issues found by SAST,None,5092-5104
tests\unity\test\tests\testunity.c,testEqualDoubleEachEqual,False,,No issues found by SAST,None,5106-5122
tests\unity\test\tests\testunity.c,testNotEqualDoubleEachEqualActualNull,False,,No issues found by SAST,None,5124-5135
tests\unity\test\tests\testunity.c,testNotEqualDoubleEachEqual1,False,,No issues found by SAST,None,5137-5148
tests\unity\test\tests\testunity.c,testNotEqualDoubleEachEqual2,False,,No issues found by SAST,None,5150-5161
tests\unity\test\tests\testunity.c,testNotEqualDoubleEachEqual3,False,,No issues found by SAST,None,5163-5174
tests\unity\test\tests\testunity.c,testNotEqualDoubleEachEqualNegative1,False,,No issues found by SAST,None,5176-5187
tests\unity\test\tests\testunity.c,testNotEqualDoubleEachEqualNegative2,False,,No issues found by SAST,None,5189-5200
tests\unity\test\tests\testunity.c,testNotEqualDoubleEachEqualNegative3,False,,No issues found by SAST,None,5202-5213
tests\unity\test\tests\testunity.c,testEqualDoubleEachEqualNaN,True,CWE-398,Same expression on both sides of '/'.,SAST_CPPCHECK,5215-5224
tests\unity\test\tests\testunity.c,testEqualDoubleEachEqualInf,False,,No issues found by SAST,None,5226-5235
tests\unity\test\tests\testunity.c,testNotEqualDoubleEachEqualLengthZero,False,,No issues found by SAST,None,5237-5248
tests\unity\test\tests\testunity.c,testDoublePrinting,False,,No issues found by SAST,None,5250-5270
tests\unity\test\tests\testunity.c,testDoublePrintingInfinityAndNaN,False,,No issues found by SAST,None,5272-5282
tests\unity\test\tests\testunity.c,testThatDetailsCanBeHandleOneDetail,False,,No issues found by SAST,None,5286-5297
tests\unity\test\tests\testunity.c,testThatDetailsCanHandleTestFail,False,,No issues found by SAST,None,5299-5310
tests\unity\test\tests\testunity.c,testThatDetailsCanBeHandleTwoDetails,False,,No issues found by SAST,None,5312-5323
tests\unity\test\tests\testunity.c,testThatDetailsCanBeHandleSingleDetailClearingTwoDetails,False,,No issues found by SAST,None,5325-5337
